::1 - - [23/Aug/2026 15:21:37] "GET /index.html HTTP/1.1" 200 -
::1 - - [23/Aug/2026 15:22:31] "GET /index.html HTTP/1.1" 200 -
::1 - - [23/Aug/2026 15:22:31] "GET /css/cinema.css?v=34 HTTP/1.1" 304 -
::1 - - [23/Aug/2026 15:22:31] "GET /js/entry.js?v=34 HTTP/1.1" 304 -
::1 - - [23/Aug/2026 15:22:31] "GET /js/project-cards.js?v=34 HTTP/1.1" 304 -
::1 - - [23/Aug/2026 15:22:31] "GET /assets/brand/logo.png?v=14 HTTP/1.1" 304 -
::1 - - [23/Aug/2026 15:22:31] "GET /assets/bg/scene1.mp4 HTTP/1.1" 304 -
::1 - - [23/Aug/2026 15:22:31] code 404, message File not found
::1 - - [23/Aug/2026 15:22:31] "GET /hybridaction/zybTrackerStatisticsAction?data=%7B%7D&__callback__=__cb__zybTrackerStatisticsAction__b74a9ac3_bfbf_4235_a452_f0adfd50168d__0 HTTP/1.1" 404 -
::1 - - [23/Aug/2026 15:22:32] code 404, message File not found
::1 - - [23/Aug/2026 15:22:32] "GET /hybridaction/zybTrackerStatisticsAction?data=%7B%7D&__callback__=__cb__zybTrackerStatisticsAction__8a9bb081_f90c_48e7_9ebe_dde635cbce4e__1 HTTP/1.1" 404 -
::1 - - [23/Aug/2026 15:22:32] code 404, message File not found
::1 - - [23/Aug/2026 15:22:32] "GET /favicon.ico HTTP/1.1" 404 -
::1 - - [23/Aug/2026 15:22:33] "GET /assets/bg/transition_1_2.mp4 HTTP/1.1" 304 -
::1 - - [23/Aug/2026 15:22:33] "GET /assets/bg/scene2.mp4 HTTP/1.1" 200 -
::1 - - [23/Aug/2026 15:22:33] "GET /assets/bg/scene2_idle_loop.mp4 HTTP/1.1" 200 -
----------------------------------------
Exception occurred during processing of request from ('::1', 50827, 0, 0)
----------------------------------------
Exception occurred during processing of request from::1 - - [23/Aug/2026 15:22:33] "GET /assets/bg/scene3.mp4 HTTP/1.1" 304 -
 ('::1', 59117, 0, 0)
::1 - - [23/Aug/2026 15:22:33] "GET /assets/bg/scene2_idle_loop.mp4 HTTP/1.1" 200 -
::1 - - [23/Aug/2026 15:22:33] "GET /assets/bg/scene2.mp4 HTTP/1.1" 200 -
Traceback (most recent call last):
Traceback (most recent call last):
  File "D:\Learning_tools\python_new_3.14.5\Lib\socketserver.py", line 697, in process_request_thread
    self.finish_request(request, client_address)
    ~~~~~~~~~~~~~~~~~~~^^^^^^^^^^^^^^^^^^^^^^^^^
  File "D:\Learning_tools\python_new_3.14.5\Lib\socketserver.py", line 697, in process_request_thread
    self.finish_request(request, client_address)
    ~~~~~~~~~~~~~~~~~~~^^^^^^^^^^^^^^^^^^^^^^^^^
  File "D:\Learning_tools\python_new_3.14.5\Lib\http\server.py", line 1422, in finish_request
    self.RequestHandlerClass(request, client_address, self,
    ~~~~~~~~~~~~~~~~~~~~~~~~^^^^^^^^^^^^^^^^^^^^^^^^^^^^^^^
                             directory=args.directory)
                             ^^^^^^^^^^^^^^^^^^^^^^^^^
  File "D:\Learning_tools\python_new_3.14.5\Lib\http\server.py", line 1422, in finish_request
    self.RequestHandlerClass(request, client_address, self,
    ~~~~~~~~~~~~~~~~~~~~~~~~^^^^^^^^^^^^^^^^^^^^^^^^^^^^^^^
                             directory=args.directory)
                             ^^^^^^^^^^^^^^^^^^^^^^^^^
  File "D:\Learning_tools\python_new_3.14.5\Lib\http\server.py", line 732, in __init__
    super().__init__(*args, **kwargs)
    ~~~~~~~~~~~~~~~~^^^^^^^^^^^^^^^^^
  File "D:\Learning_tools\python_new_3.14.5\Lib\http\server.py", line 732, in __init__
    super().__init__(*args, **kwargs)
    ~~~~~~~~~~~~~~~~^^^^^^^^^^^^^^^^^
  File "D:\Learning_tools\python_new_3.14.5\Lib\socketserver.py", line 766, in __init__
    self.handle()
    ~~~~~~~~~~~^^
  File "D:\Learning_tools\python_new_3.14.5\Lib\socketserver.py", line 766, in __init__
    self.handle()
    ~~~~~~~~~~~^^
  File "D:\Learning_tools\python_new_3.14.5\Lib\http\server.py", line 496, in handle
    self.handle_one_request()
    ~~~~~~~~~~~~~~~~~~~~~~~^^
  File "D:\Learning_tools\python_new_3.14.5\Lib\http\server.py", line 484, in handle_one_request
    method()
    ~~~~~~^^
  File "D:\Learning_tools\python_new_3.14.5\Lib\http\server.py", line 739, in do_GET
    self.copyfile(f, self.wfile)
    ~~~~~~~~~~~~~^^^^^^^^^^^^^^^
  File "D:\Learning_tools\python_new_3.14.5\Lib\http\server.py", line 496, in handle
    self.handle_one_request()
    ~~~~~~~~~~~~~~~~~~~~~~~^^
  File "D:\Learning_tools\python_new_3.14.5\Lib\http\server.py", line 484, in handle_one_request
    method()
    ~~~~~~^^
  File "D:\Learning_tools\python_new_3.14.5\Lib\http\server.py", line 942, in copyfile
    shutil.copyfileobj(source, outputfile)
    ~~~~~~~~~~~~~~~~~~^^^^^^^^^^^^^^^^^^^^
  File "D:\Learning_tools\python_new_3.14.5\Lib\shutil.py", line 257, in copyfileobj
    fdst_write(buf)
    ~~~~~~~~~~^^^^^
  File "D:\Learning_tools\python_new_3.14.5\Lib\http\server.py", line 739, in do_GET
    self.copyfile(f, self.wfile)
    ~~~~~~~~~~~~~^^^^^^^^^^^^^^^
  File "D:\Learning_tools\python_new_3.14.5\Lib\socketserver.py", line 845, in write
    self._sock.sendall(b)
    ~~~~~~~~~~~~~~~~~~^^^
  File "D:\Learning_tools\python_new_3.14.5\Lib\http\server.py", line 942, in copyfile
    shutil.copyfileobj(source, outputfile)
    ~~~~~~~~~~~~~~~~~~^^^^^^^^^^^^^^^^^^^^
ConnectionResetError: [WinError 10054] 远程主机强迫关闭了一个现有的连接。
----------------------------------------  File "D:\Learning_tools\python_new_3.14.5\Lib\shutil.py", line 257, in copyfileobj
    fdst_write(buf)
    ~~~~~~~~~~^^^^^

  File "D:\Learning_tools\python_new_3.14.5\Lib\socketserver.py", line 845, in write
    self._sock.sendall(b)
    ~~~~~~~~~~~~~~~~~~^^^
ConnectionAbortedError: [WinError 10053] 你的主机中的软件中止了一个已建立的连接。
----------------------------------------
::1 - - [23/Aug/2026 15:22:41] "GET /pages/home.html HTTP/1.1" 304 -
::1 - - [23/Aug/2026 15:22:41] "GET /css/tokens.css HTTP/1.1" 304 -
::1 - - [23/Aug/2026 15:22:41] "GET /css/components.css HTTP/1.1" 304 -
::1 - - [23/Aug/2026 15:22:41] "GET /css/shell.css HTTP/1.1" 304 -
::1 - - [23/Aug/2026 15:22:41] "GET /js/api.js HTTP/1.1" 304 -
::1 - - [23/Aug/2026 15:22:41] "GET /assets/brand/home-globe.png HTTP/1.1" 304 -
::1 - - [23/Aug/2026 15:22:41] "GET /js/cinema-bg.js HTTP/1.1" 304 -
::1 - - [23/Aug/2026 15:22:41] "GET /js/cinema-music.js HTTP/1.1" 304 -
::1 - - [23/Aug/2026 15:22:41] "GET /js/shell.js HTTP/1.1" 304 -
::1 - - [23/Aug/2026 15:22:41] "GET /js/pages/home.js HTTP/1.1" 304 -
::1 - - [23/Aug/2026 15:22:41] "GET /assets/brand/logo.png HTTP/1.1" 304 -
::1 - - [23/Aug/2026 15:22:42] code 404, message File not found
::1 - - [23/Aug/2026 15:22:42] "GET /hybridaction/zybTrackerStatisticsAction?data=%7B%7D&__callback__=__cb__zybTrackerStatisticsAction__fee98baf_4354_4df9_8a40_e9bd5020e191__0 HTTP/1.1" 404 -
::1 - - [23/Aug/2026 15:22:42] code 404, message File not found
::1 - - [23/Aug/2026 15:22:42] "GET /hybridaction/zybTrackerStatisticsAction?data=%7B%7D&__callback__=__cb__zybTrackerStatisticsAction__a5c6e951_1465_4cc5_88ff_37eefd13d715__1 HTTP/1.1" 404 -
::1 - - [23/Aug/2026 15:22:44] "GET /pages/map.html HTTP/1.1" 304 -
::1 - - [23/Aug/2026 15:22:44] "GET /css/legacy-views.css HTTP/1.1" 304 -
::1 - - [23/Aug/2026 15:22:44] "GET /js/runtime-core.js HTTP/1.1" 304 -
::1 - - [23/Aug/2026 15:22:44] "GET /js/pages/map.js HTTP/1.1" 304 -
::1 - - [23/Aug/2026 15:22:44] code 404, message File not found
::1 - - [23/Aug/2026 15:22:44] "GET /hybridaction/zybTrackerStatisticsAction?data=%7B%7D&__callback__=__cb__zybTrackerStatisticsAction__2c86cad9_248b_4906_995e_e84d8ef7efe7__0 HTTP/1.1" 404 -
::1 - - [23/Aug/2026 15:22:44] code 404, message File not found
::1 - - [23/Aug/2026 15:22:44] "GET /hybridaction/zybTrackerStatisticsAction?data=%7B%7D&__callback__=__cb__zybTrackerStatisticsAction__7461fbab_f705_48e0_b52e_d1c83800fbdd__1 HTTP/1.1" 404 -
::1 - - [23/Aug/2026 15:22:45] "GET /assets/china-geo.json HTTP/1.1" 304 -
::1 - - [23/Aug/2026 15:40:39] code 404, message File not found
::1 - - [23/Aug/2026 15:40:39] "GET /hybridaction/zybTrackerStatisticsAction?data=%7B%7D&__callback__=__cb__zybTrackerStatisticsAction__f28e053c_e84a_4ef5_9541_9166d99c58de__0 HTTP/1.1" 404 -
::1 - - [23/Aug/2026 15:40:40] code 404, message File not found
::1 - - [23/Aug/2026 15:40:40] "GET /hybridaction/zybTrackerStatisticsAction?data=%7B%7D&__callback__=__cb__zybTrackerStatisticsAction__877321a1_c2bc_40c2_bdb1_4dd0857b0242__1 HTTP/1.1" 404 -
::1 - - [23/Aug/2026 16:18:57] "GET /index.html HTTP/1.1" 200 -
::1 - - [23/Aug/2026 16:20:18] "GET /pages/map.html?v=20260823 HTTP/1.1" 200 -
::1 - - [23/Aug/2026 16:20:18] "GET /css/tokens.css HTTP/1.1" 200 -
::1 - - [23/Aug/2026 16:20:18] "GET /css/shell.css HTTP/1.1" 200 -
::1 - - [23/Aug/2026 16:20:18] "GET /css/components.css HTTP/1.1" 200 -
::1 - - [23/Aug/2026 16:20:18] "GET /css/legacy-views.css HTTP/1.1" 200 -
::1 - - [23/Aug/2026 16:20:18] "GET /js/api.js HTTP/1.1" 200 -
::1 - - [23/Aug/2026 16:20:18] "GET /js/runtime-core.js HTTP/1.1" 200 -
::1 - - [23/Aug/2026 16:20:18] "GET /js/cinema-bg.js HTTP/1.1" 200 -
::1 - - [23/Aug/2026 16:20:18] "GET /js/cinema-music.js HTTP/1.1" 200 -
::1 - - [23/Aug/2026 16:20:18] "GET /js/shell.js HTTP/1.1" 200 -
::1 - - [23/Aug/2026 16:20:18] "GET /js/pages/map.js HTTP/1.1" 200 -
::1 - - [23/Aug/2026 16:20:26] "GET /assets/brand/logo.png HTTP/1.1" 200 -
::1 - - [23/Aug/2026 16:20:27] "GET /assets/china-geo.json HTTP/1.1" 200 -
::1 - - [23/Aug/2026 16:20:27] "GET /assets/bg/scene3.mp4 HTTP/1.1" 200 -
::1 - - [23/Aug/2026 16:20:27] "GET /assets/bg/scene3.mp4 HTTP/1.1" 200 -
----------------------------------------
Exception occurred during processing of request from ('::1', 60838, 0, 0)
Traceback (most recent call last):
  File "D:\Learning_tools\python_new_3.14.5\Lib\socketserver.py", line 697, in process_request_thread
    self.finish_request(request, client_address)
    ~~~~~~~~~~~~~~~~~~~^^^^^^^^^^^^^^^^^^^^^^^^^
  File "D:\Learning_tools\python_new_3.14.5\Lib\http\server.py", line 1422, in finish_request
    self.RequestHandlerClass(request, client_address, self,
    ~~~~~~~~~~~~~~~~~~~~~~~~^^^^^^^^^^^^^^^^^^^^^^^^^^^^^^^
                             directory=args.directory)
                             ^^^^^^^^^^^^^^^^^^^^^^^^^
  File "D:\Learning_tools\python_new_3.14.5\Lib\http\server.py", line 732, in __init__
    super().__init__(*args, **kwargs)
    ~~~~~~~~~~~~~~~~^^^^^^^^^^^^^^^^^
  File "D:\Learning_tools\python_new_3.14.5\Lib\socketserver.py", line 766, in __init__
    self.handle()
    ~~~~~~~~~~~^^
  File "D:\Learning_tools\python_new_3.14.5\Lib\http\server.py", line 496, in handle
    self.handle_one_request()
    ~~~~~~~~~~~~~~~~~~~~~~~^^
  File "D:\Learning_tools\python_new_3.14.5\Lib\http\server.py", line 484, in handle_one_request
    method()
    ~~~~~~^^
  File "D:\Learning_tools\python_new_3.14.5\Lib\http\server.py", line 739, in do_GET
    self.copyfile(f, self.wfile)
    ~~~~~~~~~~~~~^^^^^^^^^^^^^^^
  File "D:\Learning_tools\python_new_3.14.5\Lib\http\server.py", line 942, in copyfile
    shutil.copyfileobj(source, outputfile)
    ~~~~~~~~~~~~~~~~~~^^^^^^^^^^^^^^^^^^^^
  File "D:\Learning_tools\python_new_3.14.5\Lib\shutil.py", line 257, in copyfileobj
    fdst_write(buf)
    ~~~~~~~~~~^^^^^
  File "D:\Learning_tools\python_new_3.14.5\Lib\socketserver.py", line 845, in write
    self._sock.sendall(b)
    ~~~~~~~~~~~~~~~~~~^^^
ConnectionResetError: [WinError 10054] 远程主机强迫关闭了一个现有的连接。
----------------------------------------
::1 - - [23/Aug/2026 16:20:34] code 404, message File not found
::1 - - [23/Aug/2026 16:20:34] "GET /favicon.ico HTTP/1.1" 404 -
::1 - - [23/Aug/2026 16:21:31] "GET /pages/map.html?v=20260823 HTTP/1.1" 200 -
::1 - - [23/Aug/2026 16:21:31] "GET /css/tokens.css HTTP/1.1" 200 -
::1 - - [23/Aug/2026 16:21:31] "GET /css/shell.css HTTP/1.1" 200 -
::1 - - [23/Aug/2026 16:21:31] "GET /css/components.css HTTP/1.1" 200 -
::1 - - [23/Aug/2026 16:21:31] "GET /css/legacy-views.css HTTP/1.1" 200 -
::1 - - [23/Aug/2026 16:21:31] "GET /js/cinema-bg.js HTTP/1.1" 200 -
::1 - - [23/Aug/2026 16:21:31] "GET /js/runtime-core.js HTTP/1.1" 200 -
::1 - - [23/Aug/2026 16:21:31] "GET /js/cinema-music.js HTTP/1.1" 200 -
::1 - - [23/Aug/2026 16:21:31] "GET /js/shell.js HTTP/1.1" 200 -
::1 - - [23/Aug/2026 16:21:31] "GET /js/api.js HTTP/1.1" 200 -
::1 - - [23/Aug/2026 16:21:31] "GET /js/pages/map.js HTTP/1.1" 200 -
::1 - - [23/Aug/2026 16:21:36] "GET /assets/brand/logo.png HTTP/1.1" 200 -
::1 - - [23/Aug/2026 16:21:36] "GET /assets/bg/scene3.mp4 HTTP/1.1" 200 -
::1 - - [23/Aug/2026 16:21:36] "GET /assets/bg/scene3.mp4 HTTP/1.1" 200 -
----------------------------------------
Exception occurred during processing of request from ('::1', 54581, 0, 0)
Traceback (most recent call last):
  File "D:\Learning_tools\python_new_3.14.5\Lib\socketserver.py", line 697, in process_request_thread
    self.finish_request(request, client_address)
    ~~~~~~~~~~~~~~~~~~~^^^^^^^^^^^^^^^^^^^^^^^^^
  File "D:\Learning_tools\python_new_3.14.5\Lib\http\server.py", line 1422, in finish_request
    self.RequestHandlerClass(request, client_address, self,
    ~~~~~~~~~~~~~~~~~~~~~~~~^^^^^^^^^^^^^^^^^^^^^^^^^^^^^^^
                             directory=args.directory)
                             ^^^^^^^^^^^^^^^^^^^^^^^^^
  File "D:\Learning_tools\python_new_3.14.5\Lib\http\server.py", line 732, in __init__
    super().__init__(*args, **kwargs)
    ~~~~~~~~~~~~~~~~^^^^^^^^^^^^^^^^^
  File "D:\Learning_tools\python_new_3.14.5\Lib\socketserver.py", line 766, in __init__
    self.handle()
    ~~~~~~~~~~~^^
  File "D:\Learning_tools\python_new_3.14.5\Lib\http\server.py", line 496, in handle
    self.handle_one_request()
    ~~~~~~~~~~~~~~~~~~~~~~~^^
  File "D:\Learning_tools\python_new_3.14.5\Lib\http\server.py", line 484, in handle_one_request
    method()
    ~~~~~~^^
  File "D:\Learning_tools\python_new_3.14.5\Lib\http\server.py", line 739, in do_GET
    self.copyfile(f, self.wfile)
    ~~~~~~~~~~~~~^^^^^^^^^^^^^^^
  File "D:\Learning_tools\python_new_3.14.5\Lib\http\server.py", line 942, in copyfile
    shutil.copyfileobj(source, outputfile)
    ~~~~~~~~~~~~~~~~~~^^^^^^^^^^^^^^^^^^^^
  File "D:\Learning_tools\python_new_3.14.5\Lib\shutil.py", line 257, in copyfileobj
    fdst_write(buf)
    ~~~~~~~~~~^^^^^
  File "D:\Learning_tools\python_new_3.14.5\Lib\socketserver.py", line 845, in write
    self._sock.sendall(b)
    ~~~~~~~~~~~~~~~~~~^^^
ConnectionResetError: [WinError 10054] 远程主机强迫关闭了一个现有的连接。
----------------------------------------
::1 - - [23/Aug/2026 16:21:37] "GET /assets/china-geo.json HTTP/1.1" 200 -
::1 - - [23/Aug/2026 16:22:55] "GET /pages/map.html?v=20260823 HTTP/1.1" 200 -
::1 - - [23/Aug/2026 16:22:56] "GET /css/tokens.css HTTP/1.1" 200 -
::1 - - [23/Aug/2026 16:22:56] "GET /css/shell.css HTTP/1.1" 200 -
::1 - - [23/Aug/2026 16:22:56] "GET /css/legacy-views.css HTTP/1.1" 200 -
::1 - - [23/Aug/2026 16:22:56] "GET /css/components.css HTTP/1.1" 200 -
::1 - - [23/Aug/2026 16:22:56] "GET /js/cinema-bg.js HTTP/1.1" 200 -
::1 - - [23/Aug/2026 16:22:56] "GET /js/cinema-music.js HTTP/1.1" 200 -
::1 - - [23/Aug/2026 16:22:56] "GET /js/runtime-core.js HTTP/1.1" 200 -
::1 - - [23/Aug/2026 16:22:56] "GET /js/api.js HTTP/1.1" 200 -
::1 - - [23/Aug/2026 16:22:56] "GET /js/shell.js HTTP/1.1" 200 -
::1 - - [23/Aug/2026 16:22:56] "GET /js/pages/map.js HTTP/1.1" 200 -
::1 - - [23/Aug/2026 16:23:03] "GET /assets/brand/logo.png HTTP/1.1" 200 -
::1 - - [23/Aug/2026 16:23:03] "GET /assets/bg/scene3.mp4 HTTP/1.1" 200 -
::1 - - [23/Aug/2026 16:23:05] "GET /assets/china-geo.json HTTP/1.1" 200 -
::1 - - [23/Aug/2026 16:23:39] "GET /pages/map.html?v=20260823 HTTP/1.1" 200 -
::1 - - [23/Aug/2026 16:23:40] "GET /css/tokens.css HTTP/1.1" 200 -
::1 - - [23/Aug/2026 16:23:40] "GET /css/shell.css HTTP/1.1" 200 -
::1 - - [23/Aug/2026 16:23:40] "GET /css/components.css HTTP/1.1" 200 -
::1 - - [23/Aug/2026 16:23:40] "GET /css/legacy-views.css HTTP/1.1" 200 -
::1 - - [23/Aug/2026 16:23:40] "GET /js/api.js HTTP/1.1" 200 -
::1 - - [23/Aug/2026 16:23:40] "GET /js/runtime-core.js HTTP/1.1" 200 -
::1 - - [23/Aug/2026 16:23:40] "GET /js/pages/map.js HTTP/1.1" 200 -
::1 - - [23/Aug/2026 16:23:40] "GET /js/shell.js HTTP/1.1" 200 -
::1 - - [23/Aug/2026 16:23:40] "GET /js/cinema-bg.js HTTP/1.1" 200 -
::1 - - [23/Aug/2026 16:23:40] "GET /js/cinema-music.js HTTP/1.1" 200 -
::1 - - [23/Aug/2026 16:23:47] "GET /assets/brand/logo.png HTTP/1.1" 200 -
::1 - - [23/Aug/2026 16:23:48] "GET /assets/bg/scene3.mp4 HTTP/1.1" 200 -
::1 - - [23/Aug/2026 16:23:48] "GET /assets/china-geo.json HTTP/1.1" 200 -
::1 - - [23/Aug/2026 16:24:41] "GET /pages/map.html?v=20260823 HTTP/1.1" 200 -
::1 - - [23/Aug/2026 16:24:41] "GET /css/tokens.css HTTP/1.1" 200 -
::1 - - [23/Aug/2026 16:24:41] "GET /css/shell.css HTTP/1.1" 200 -
::1 - - [23/Aug/2026 16:24:41] "GET /css/components.css HTTP/1.1" 200 -
::1 - - [23/Aug/2026 16:24:41] "GET /css/legacy-views.css HTTP/1.1" 200 -
::1 - - [23/Aug/2026 16:24:41] "GET /js/api.js HTTP/1.1" 200 -
::1 - - [23/Aug/2026 16:24:41] "GET /js/runtime-core.js HTTP/1.1" 200 -
::1 - - [23/Aug/2026 16:24:41] "GET /js/cinema-bg.js HTTP/1.1" 200 -
::1 - - [23/Aug/2026 16:24:41] "GET /js/shell.js HTTP/1.1" 200 -
::1 - - [23/Aug/2026 16:24:41] "GET /js/cinema-music.js HTTP/1.1" 200 -
::1 - - [23/Aug/2026 16:24:41] "GET /js/pages/map.js HTTP/1.1" 200 -
::1 - - [23/Aug/2026 16:24:49] "GET /assets/brand/logo.png HTTP/1.1" 200 -
::1 - - [23/Aug/2026 16:24:49] "GET /assets/bg/scene3.mp4 HTTP/1.1" 200 -
::1 - - [23/Aug/2026 16:24:49] "GET /assets/bg/scene3.mp4 HTTP/1.1" 200 -
----------------------------------------
Exception occurred during processing of request from ('::1', 56726, 0, 0)
Traceback (most recent call last):
  File "D:\Learning_tools\python_new_3.14.5\Lib\socketserver.py", line 697, in process_request_thread
    self.finish_request(request, client_address)
    ~~~~~~~~~~~~~~~~~~~^^^^^^^^^^^^^^^^^^^^^^^^^
  File "D:\Learning_tools\python_new_3.14.5\Lib\http\server.py", line 1422, in finish_request
    self.RequestHandlerClass(request, client_address, self,
    ~~~~~~~~~~~~~~~~~~~~~~~~^^^^^^^^^^^^^^^^^^^^^^^^^^^^^^^
                             directory=args.directory)
                             ^^^^^^^^^^^^^^^^^^^^^^^^^
  File "D:\Learning_tools\python_new_3.14.5\Lib\http\server.py", line 732, in __init__
    super().__init__(*args, **kwargs)
    ~~~~~~~~~~~~~~~~^^^^^^^^^^^^^^^^^
  File "D:\Learning_tools\python_new_3.14.5\Lib\socketserver.py", line 766, in __init__
    self.handle()
    ~~~~~~~~~~~^^
  File "D:\Learning_tools\python_new_3.14.5\Lib\http\server.py", line 496, in handle
    self.handle_one_request()
    ~~~~~~~~~~~~~~~~~~~~~~~^^
  File "D:\Learning_tools\python_new_3.14.5\Lib\http\server.py", line 484, in handle_one_request
    method()
    ~~~~~~^^
  File "D:\Learning_tools\python_new_3.14.5\Lib\http\server.py", line 739, in do_GET
    self.copyfile(f, self.wfile)
    ~~~~~~~~~~~~~^^^^^^^^^^^^^^^
  File "D:\Learning_tools\python_new_3.14.5\Lib\http\server.py", line 942, in copyfile
    shutil.copyfileobj(source, outputfile)
    ~~~~~~~~~~~~~~~~~~^^^^^^^^^^^^^^^^^^^^
  File "D:\Learning_tools\python_new_3.14.5\Lib\shutil.py", line 257, in copyfileobj
    fdst_write(buf)
    ~~~~~~~~~~^^^^^
  File "D:\Learning_tools\python_new_3.14.5\Lib\socketserver.py", line 845, in write
    self._sock.sendall(b)
    ~~~~~~~~~~~~~~~~~~^^^
ConnectionResetError: [WinError 10054] 远程主机强迫关闭了一个现有的连接。
----------------------------------------
::1 - - [23/Aug/2026 16:25:34] "GET /pages/map.html?v=20260823b HTTP/1.1" 200 -
::1 - - [23/Aug/2026 16:25:34] "GET /css/tokens.css HTTP/1.1" 200 -
::1 - - [23/Aug/2026 16:25:34] "GET /css/shell.css HTTP/1.1" 200 -
::1 - - [23/Aug/2026 16:25:34] "GET /css/legacy-views.css HTTP/1.1" 200 -
::1 - - [23/Aug/2026 16:25:34] "GET /css/components.css HTTP/1.1" 200 -
::1 - - [23/Aug/2026 16:25:34] "GET /js/runtime-core.js HTTP/1.1" 200 -
::1 - - [23/Aug/2026 16:25:34] "GET /js/api.js HTTP/1.1" 200 -
::1 - - [23/Aug/2026 16:25:34] "GET /js/cinema-bg.js HTTP/1.1" 200 -
::1 - - [23/Aug/2026 16:25:34] "GET /js/pages/map.js HTTP/1.1" 200 -
::1 - - [23/Aug/2026 16:25:34] "GET /js/cinema-music.js HTTP/1.1" 200 -
::1 - - [23/Aug/2026 16:25:34] "GET /js/shell.js HTTP/1.1" 200 -
::1 - - [23/Aug/2026 16:25:47] "GET /assets/brand/logo.png HTTP/1.1" 200 -
::1 - - [23/Aug/2026 16:25:48] "GET /assets/bg/scene3.mp4 HTTP/1.1" 200 -
::1 - - [23/Aug/2026 16:25:48] "GET /assets/china-geo.json HTTP/1.1" 200 -
::1 - - [23/Aug/2026 16:27:16] code 404, message File not found
::1 - - [23/Aug/2026 16:27:16] "GET /hybridaction/zybTrackerStatisticsAction?data=%7B%7D&__callback__=__cb__zybTrackerStatisticsAction__fbd4c944_3b43_4aee_8d96_f96e378a7896__0 HTTP/1.1" 404 -
::1 - - [23/Aug/2026 16:27:17] code 404, message File not found
::1 - - [23/Aug/2026 16:27:17] "GET /hybridaction/zybTrackerStatisticsAction?data=%7B%7D&__callback__=__cb__zybTrackerStatisticsAction__9fb1dc7e_7498_40db_b55a_47d2f14a2b3a__1 HTTP/1.1" 404 -
::1 - - [23/Aug/2026 16:27:20] "GET /pages/map.html HTTP/1.1" 200 -
::1 - - [23/Aug/2026 16:27:21] code 404, message File not found
::1 - - [23/Aug/2026 16:27:21] "GET /hybridaction/zybTrackerStatisticsAction?data=%7B%7D&__callback__=__cb__zybTrackerStatisticsAction__c7c0bc4f_6b48_4db6_9231_42002b6de9fe__0 HTTP/1.1" 404 -
::1 - - [23/Aug/2026 16:27:22] code 404, message File not found
::1 - - [23/Aug/2026 16:27:22] "GET /hybridaction/zybTrackerStatisticsAction?data=%7B%7D&__callback__=__cb__zybTrackerStatisticsAction__0e91be3c_c668_4f6f_a264_3fed92242f31__1 HTTP/1.1" 404 -
::1 - - [23/Aug/2026 16:29:51] "GET /pages/map.html?v=20260823c HTTP/1.1" 200 -
::1 - - [23/Aug/2026 16:29:51] "GET /css/tokens.css HTTP/1.1" 200 -
::1 - - [23/Aug/2026 16:29:51] "GET /css/shell.css HTTP/1.1" 200 -
::1 - - [23/Aug/2026 16:29:51] "GET /css/components.css HTTP/1.1" 200 -
::1 - - [23/Aug/2026 16:29:51] "GET /js/cinema-bg.js HTTP/1.1" 200 -
::1 - - [23/Aug/2026 16:29:51] "GET /js/runtime-core.js HTTP/1.1" 200 -
::1 - - [23/Aug/2026 16:29:51] "GET /css/legacy-views.css HTTP/1.1" 200 -
::1 - - [23/Aug/2026 16:29:51] "GET /js/api.js HTTP/1.1" 200 -
::1 - - [23/Aug/2026 16:29:51] "GET /js/pages/map.js HTTP/1.1" 200 -
::1 - - [23/Aug/2026 16:29:51] "GET /js/shell.js HTTP/1.1" 200 -
::1 - - [23/Aug/2026 16:29:51] "GET /js/cinema-music.js HTTP/1.1" 200 -
::1 - - [23/Aug/2026 16:29:59] "GET /assets/brand/logo.png HTTP/1.1" 200 -
::1 - - [23/Aug/2026 16:29:59] "GET /assets/bg/scene3.mp4 HTTP/1.1" 200 -
::1 - - [23/Aug/2026 16:29:59] "GET /assets/bg/scene3.mp4 HTTP/1.1" 200 -
----------------------------------------
Exception occurred during processing of request from ('::1', 56984, 0, 0)
Traceback (most recent call last):
  File "D:\Learning_tools\python_new_3.14.5\Lib\socketserver.py", line 697, in process_request_thread
    self.finish_request(request, client_address)
    ~~~~~~~~~~~~~~~~~~~^^^^^^^^^^^^^^^^^^^^^^^^^
  File "D:\Learning_tools\python_new_3.14.5\Lib\http\server.py", line 1422, in finish_request
    self.RequestHandlerClass(request, client_address, self,
    ~~~~~~~~~~~~~~~~~~~~~~~~^^^^^^^^^^^^^^^^^^^^^^^^^^^^^^^
                             directory=args.directory)
                             ^^^^^^^^^^^^^^^^^^^^^^^^^
  File "D:\Learning_tools\python_new_3.14.5\Lib\http\server.py", line 732, in __init__
    super().__init__(*args, **kwargs)
    ~~~~~~~~~~~~~~~~^^^^^^^^^^^^^^^^^
  File "D:\Learning_tools\python_new_3.14.5\Lib\socketserver.py", line 766, in __init__
    self.handle()
    ~~~~~~~~~~~^^
  File "D:\Learning_tools\python_new_3.14.5\Lib\http\server.py", line 496, in handle
    self.handle_one_request()
    ~~~~~~~~~~~~~~~~~~~~~~~^^
  File "D:\Learning_tools\python_new_3.14.5\Lib\http\server.py", line 484, in handle_one_request
    method()
    ~~~~~~^^
  File "D:\Learning_tools\python_new_3.14.5\Lib\http\server.py", line 739, in do_GET
    self.copyfile(f, self.wfile)
    ~~~~~~~~~~~~~^^^^^^^^^^^^^^^
  File "D:\Learning_tools\python_new_3.14.5\Lib\http\server.py", line 942, in copyfile
    shutil.copyfileobj(source, outputfile)
    ~~~~~~~~~~~~~~~~~~^^^^^^^^^^^^^^^^^^^^
  File "D:\Learning_tools\python_new_3.14.5\Lib\shutil.py", line 257, in copyfileobj
    fdst_write(buf)
    ~~~~~~~~~~^^^^^
  File "D:\Learning_tools\python_new_3.14.5\Lib\socketserver.py", line 845, in write
    self._sock.sendall(b)
    ~~~~~~~~~~~~~~~~~~^^^
ConnectionResetError: [WinError 10054] 远程主机强迫关闭了一个现有的连接。
----------------------------------------
::1 - - [23/Aug/2026 16:30:01] "GET /assets/china-geo.json HTTP/1.1" 200 -
::1 - - [23/Aug/2026 16:32:41] "GET /js/pages/map.js HTTP/1.1" 200 -
::1 - - [23/Aug/2026 16:32:41] "GET /js/pages/map.js HTTP/1.1" 200 -
::1 - - [23/Aug/2026 16:34:32] "GET /pages/map.html?v=20260823a HTTP/1.1" 200 -
::1 - - [23/Aug/2026 16:34:32] "GET /css/tokens.css HTTP/1.1" 200 -
::1 - - [23/Aug/2026 16:34:32] "GET /css/shell.css HTTP/1.1" 200 -
::1 - - [23/Aug/2026 16:34:32] "GET /css/components.css HTTP/1.1" 200 -
::1 - - [23/Aug/2026 16:34:32] "GET /css/legacy-views.css HTTP/1.1" 200 -
::1 - - [23/Aug/2026 16:34:32] "GET /js/api.js?v=20260823a HTTP/1.1" 200 -
::1 - - [23/Aug/2026 16:34:32] "GET /js/cinema-bg.js?v=20260823a HTTP/1.1" 200 -
::1 - - [23/Aug/2026 16:34:32] "GET /js/runtime-core.js?v=20260823a HTTP/1.1" 200 -
::1 - - [23/Aug/2026 16:34:32] "GET /js/shell.js?v=20260823a HTTP/1.1" 200 -
::1 - - [23/Aug/2026 16:34:32] "GET /js/cinema-music.js?v=20260823a HTTP/1.1" 200 -
::1 - - [23/Aug/2026 16:34:32] "GET /js/pages/map.js?v=20260823a HTTP/1.1" 200 -
::1 - - [23/Aug/2026 16:34:40] "GET /assets/brand/logo.png HTTP/1.1" 200 -
::1 - - [23/Aug/2026 16:34:41] "GET /assets/bg/scene3.mp4 HTTP/1.1" 200 -
::1 - - [23/Aug/2026 16:34:41] "GET /assets/bg/scene3.mp4 HTTP/1.1" 200 -
----------------------------------------
Exception occurred during processing of request from ('::1', 62186, 0, 0)
Traceback (most recent call last):
  File "D:\Learning_tools\python_new_3.14.5\Lib\socketserver.py", line 697, in process_request_thread
    self.finish_request(request, client_address)
    ~~~~~~~~~~~~~~~~~~~^^^^^^^^^^^^^^^^^^^^^^^^^
  File "D:\Learning_tools\python_new_3.14.5\Lib\http\server.py", line 1422, in finish_request
    self.RequestHandlerClass(request, client_address, self,
    ~~~~~~~~~~~~~~~~~~~~~~~~^^^^^^^^^^^^^^^^^^^^^^^^^^^^^^^
                             directory=args.directory)
                             ^^^^^^^^^^^^^^^^^^^^^^^^^
  File "D:\Learning_tools\python_new_3.14.5\Lib\http\server.py", line 732, in __init__
    super().__init__(*args, **kwargs)
    ~~~~~~~~~~~~~~~~^^^^^^^^^^^^^^^^^
  File "D:\Learning_tools\python_new_3.14.5\Lib\socketserver.py", line 766, in __init__
    self.handle()
    ~~~~~~~~~~~^^
  File "D:\Learning_tools\python_new_3.14.5\Lib\http\server.py", line 496, in handle
    self.handle_one_request()
    ~~~~~~~~~~~~~~~~~~~~~~~^^
  File "D:\Learning_tools\python_new_3.14.5\Lib\http\server.py", line 484, in handle_one_request
    method()
    ~~~~~~^^
  File "D:\Learning_tools\python_new_3.14.5\Lib\http\server.py", line 739, in do_GET
    self.copyfile(f, self.wfile)
    ~~~~~~~~~~~~~^^^^^^^^^^^^^^^
  File "D:\Learning_tools\python_new_3.14.5\Lib\http\server.py", line 942, in copyfile
    shutil.copyfileobj(source, outputfile)
    ~~~~~~~~~~~~~~~~~~^^^^^^^^^^^^^^^^^^^^
  File "D:\Learning_tools\python_new_3.14.5\Lib\shutil.py", line 257, in copyfileobj
    fdst_write(buf)
    ~~~~~~~~~~^^^^^
  File "D:\Learning_tools\python_new_3.14.5\Lib\socketserver.py", line 845, in write
    self._sock.sendall(b)
    ~~~~~~~~~~~~~~~~~~^^^
ConnectionResetError: [WinError 10054] 远程主机强迫关闭了一个现有的连接。
----------------------------------------
::1 - - [23/Aug/2026 16:34:41] "GET /assets/china-geo.json HTTP/1.1" 200 -
::1 - - [23/Aug/2026 16:38:03] "GET /pages/map.html HTTP/1.1" 200 -
::1 - - [23/Aug/2026 16:38:04] "GET /js/api.js?v=20260823a HTTP/1.1" 200 -
::1 - - [23/Aug/2026 16:38:04] "GET /js/runtime-core.js?v=20260823a HTTP/1.1" 200 -
::1 - - [23/Aug/2026 16:38:04] "GET /js/cinema-bg.js?v=20260823a HTTP/1.1" 200 -
::1 - - [23/Aug/2026 16:38:04] "GET /js/cinema-music.js?v=20260823a HTTP/1.1" 200 -
::1 - - [23/Aug/2026 16:38:04] "GET /js/shell.js?v=20260823a HTTP/1.1" 200 -
::1 - - [23/Aug/2026 16:38:04] "GET /js/pages/map.js?v=20260823a HTTP/1.1" 200 -
::1 - - [23/Aug/2026 16:38:04] code 404, message File not found
::1 - - [23/Aug/2026 16:38:04] "GET /hybridaction/zybTrackerStatisticsAction?data=%7B%7D&__callback__=__cb__zybTrackerStatisticsAction__00bf4a4b_24ed_449b_a111_cecddb96583d__0 HTTP/1.1" 404 -
::1 - - [23/Aug/2026 16:38:06] code 404, message File not found
::1 - - [23/Aug/2026 16:38:06] "GET /hybridaction/zybTrackerStatisticsAction?data=%7B%7D&__callback__=__cb__zybTrackerStatisticsAction__3ab9a7bd_9ac1_4959_97f5_7419af584886__1 HTTP/1.1" 404 -
::1 - - [23/Aug/2026 16:54:36] "GET /pages/map.html?v=20260823d HTTP/1.1" 200 -
::1 - - [23/Aug/2026 16:54:36] "GET /css/tokens.css HTTP/1.1" 200 -
::1 - - [23/Aug/2026 16:54:37] "GET /css/shell.css HTTP/1.1" 200 -
::1 - - [23/Aug/2026 16:54:37] "GET /css/components.css HTTP/1.1" 200 -
::1 - - [23/Aug/2026 16:54:37] "GET /css/legacy-views.css HTTP/1.1" 200 -
::1 - - [23/Aug/2026 16:54:37] "GET /js/runtime-core.js?v=20260823a HTTP/1.1" 200 -
::1 - - [23/Aug/2026 16:54:37] "GET /js/api.js?v=20260823a HTTP/1.1" 200 -
::1 - - [23/Aug/2026 16:54:37] "GET /js/cinema-bg.js?v=20260823a HTTP/1.1" 200 -
::1 - - [23/Aug/2026 16:54:37] "GET /js/shell.js?v=20260823a HTTP/1.1" 200 -
::1 - - [23/Aug/2026 16:54:37] "GET /js/pages/map.js?v=20260823a HTTP/1.1" 200 -
::1 - - [23/Aug/2026 16:54:37] "GET /js/cinema-music.js?v=20260823a HTTP/1.1" 200 -
::1 - - [23/Aug/2026 16:54:44] "GET /assets/brand/logo.png HTTP/1.1" 200 -
::1 - - [23/Aug/2026 16:54:44] "GET /assets/bg/scene3.mp4 HTTP/1.1" 200 -
::1 - - [23/Aug/2026 16:54:44] "GET /assets/bg/scene3.mp4 HTTP/1.1" 200 -
----------------------------------------
Exception occurred during processing of request from ('::1', 55823, 0, 0)
Traceback (most recent call last):
  File "D:\Learning_tools\python_new_3.14.5\Lib\socketserver.py", line 697, in process_request_thread
    self.finish_request(request, client_address)
    ~~~~~~~~~~~~~~~~~~~^^^^^^^^^^^^^^^^^^^^^^^^^
  File "D:\Learning_tools\python_new_3.14.5\Lib\http\server.py", line 1422, in finish_request
    self.RequestHandlerClass(request, client_address, self,
    ~~~~~~~~~~~~~~~~~~~~~~~~^^^^^^^^^^^^^^^^^^^^^^^^^^^^^^^
                             directory=args.directory)
                             ^^^^^^^^^^^^^^^^^^^^^^^^^
  File "D:\Learning_tools\python_new_3.14.5\Lib\http\server.py", line 732, in __init__
    super().__init__(*args, **kwargs)
    ~~~~~~~~~~~~~~~~^^^^^^^^^^^^^^^^^
  File "D:\Learning_tools\python_new_3.14.5\Lib\socketserver.py", line 766, in __init__
    self.handle()
    ~~~~~~~~~~~^^
  File "D:\Learning_tools\python_new_3.14.5\Lib\http\server.py", line 496, in handle
    self.handle_one_request()
    ~~~~~~~~~~~~~~~~~~~~~~~^^
  File "D:\Learning_tools\python_new_3.14.5\Lib\http\server.py", line 484, in handle_one_request
    method()
    ~~~~~~^^
  File "D:\Learning_tools\python_new_3.14.5\Lib\http\server.py", line 739, in do_GET
    self.copyfile(f, self.wfile)
    ~~~~~~~~~~~~~^^^^^^^^^^^^^^^
  File "D:\Learning_tools\python_new_3.14.5\Lib\http\server.py", line 942, in copyfile
    shutil.copyfileobj(source, outputfile)
    ~~~~~~~~~~~~~~~~~~^^^^^^^^^^^^^^^^^^^^
  File "D:\Learning_tools\python_new_3.14.5\Lib\shutil.py", line 257, in copyfileobj
    fdst_write(buf)
    ~~~~~~~~~~^^^^^
  File "D:\Learning_tools\python_new_3.14.5\Lib\socketserver.py", line 845, in write
    self._sock.sendall(b)
    ~~~~~~~~~~~~~~~~~~^^^
ConnectionResetError: [WinError 10054] 远程主机强迫关闭了一个现有的连接。
----------------------------------------
::1 - - [23/Aug/2026 16:54:46] "GET /assets/china-geo.json HTTP/1.1" 200 -
::1 - - [23/Aug/2026 16:55:49] "GET /pages/map.html?v=20260823e HTTP/1.1" 200 -
::1 - - [23/Aug/2026 16:55:49] "GET /css/tokens.css HTTP/1.1" 200 -
::1 - - [23/Aug/2026 16:55:49] "GET /css/shell.css HTTP/1.1" 200 -
::1 - - [23/Aug/2026 16:55:49] "GET /css/components.css HTTP/1.1" 200 -
::1 - - [23/Aug/2026 16:55:49] "GET /css/legacy-views.css HTTP/1.1" 200 -
::1 - - [23/Aug/2026 16:55:49] "GET /js/api.js?v=20260823a HTTP/1.1" 200 -
::1 - - [23/Aug/2026 16:55:49] "GET /js/runtime-core.js?v=20260823a HTTP/1.1" 200 -
::1 - - [23/Aug/2026 16:55:49] "GET /js/cinema-bg.js?v=20260823a HTTP/1.1" 200 -
::1 - - [23/Aug/2026 16:55:49] "GET /js/shell.js?v=20260823a HTTP/1.1" 200 -
::1 - - [23/Aug/2026 16:55:49] "GET /js/cinema-music.js?v=20260823a HTTP/1.1" 200 -
::1 - - [23/Aug/2026 16:55:49] "GET /js/pages/map.js?v=20260823a HTTP/1.1" 200 -
::1 - - [23/Aug/2026 16:55:55] "GET /assets/brand/logo.png HTTP/1.1" 200 -
::1 - - [23/Aug/2026 16:55:56] "GET /assets/bg/scene3.mp4 HTTP/1.1" 200 -
::1 - - [23/Aug/2026 16:55:56] "GET /assets/bg/scene3.mp4 HTTP/1.1" 200 -
----------------------------------------
Exception occurred during processing of request from ('::1', 64896, 0, 0)
Traceback (most recent call last):
  File "D:\Learning_tools\python_new_3.14.5\Lib\socketserver.py", line 697, in process_request_thread
    self.finish_request(request, client_address)
    ~~~~~~~~~~~~~~~~~~~^^^^^^^^^^^^^^^^^^^^^^^^^
  File "D:\Learning_tools\python_new_3.14.5\Lib\http\server.py", line 1422, in finish_request
    self.RequestHandlerClass(request, client_address, self,
    ~~~~~~~~~~~~~~~~~~~~~~~~^^^^^^^^^^^^^^^^^^^^^^^^^^^^^^^
                             directory=args.directory)
                             ^^^^^^^^^^^^^^^^^^^^^^^^^
  File "D:\Learning_tools\python_new_3.14.5\Lib\http\server.py", line 732, in __init__
    super().__init__(*args, **kwargs)
    ~~~~~~~~~~~~~~~~^^^^^^^^^^^^^^^^^
  File "D:\Learning_tools\python_new_3.14.5\Lib\socketserver.py", line 766, in __init__
    self.handle()
    ~~~~~~~~~~~^^
  File "D:\Learning_tools\python_new_3.14.5\Lib\http\server.py", line 496, in handle
    self.handle_one_request()
    ~~~~~~~~~~~~~~~~~~~~~~~^^
  File "D:\Learning_tools\python_new_3.14.5\Lib\http\server.py", line 484, in handle_one_request
    method()
    ~~~~~~^^
  File "D:\Learning_tools\python_new_3.14.5\Lib\http\server.py", line 739, in do_GET
    self.copyfile(f, self.wfile)
    ~~~~~~~~~~~~~^^^^^^^^^^^^^^^
  File "D:\Learning_tools\python_new_3.14.5\Lib\http\server.py", line 942, in copyfile
    shutil.copyfileobj(source, outputfile)
    ~~~~~~~~~~~~~~~~~~^^^^^^^^^^^^^^^^^^^^
  File "D:\Learning_tools\python_new_3.14.5\Lib\shutil.py", line 257, in copyfileobj
    fdst_write(buf)
    ~~~~~~~~~~^^^^^
  File "D:\Learning_tools\python_new_3.14.5\Lib\socketserver.py", line 845, in write
    self._sock.sendall(b)
    ~~~~~~~~~~~~~~~~~~^^^
ConnectionResetError: [WinError 10054] 远程主机强迫关闭了一个现有的连接。
----------------------------------------
::1 - - [23/Aug/2026 16:55:56] "GET /assets/china-geo.json HTTP/1.1" 200 -
::1 - - [23/Aug/2026 16:56:59] "GET /pages/map.html?v=20260823f HTTP/1.1" 200 -
::1 - - [23/Aug/2026 16:56:59] "GET /css/tokens.css HTTP/1.1" 200 -
::1 - - [23/Aug/2026 16:56:59] "GET /css/shell.css HTTP/1.1" 200 -
::1 - - [23/Aug/2026 16:56:59] "GET /css/legacy-views.css HTTP/1.1" 200 -
::1 - - [23/Aug/2026 16:56:59] "GET /css/components.css HTTP/1.1" 200 -
::1 - - [23/Aug/2026 16:56:59] "GET /js/api.js?v=20260823a HTTP/1.1" 200 -
::1 - - [23/Aug/2026 16:56:59] "GET /js/cinema-bg.js?v=20260823a HTTP/1.1" 200 -
::1 - - [23/Aug/2026 16:56:59] "GET /js/runtime-core.js?v=20260823a HTTP/1.1" 200 -
::1 - - [23/Aug/2026 16:56:59] "GET /js/cinema-music.js?v=20260823a HTTP/1.1" 200 -
::1 - - [23/Aug/2026 16:56:59] "GET /js/pages/map.js?v=20260823a HTTP/1.1" 200 -
::1 - - [23/Aug/2026 16:56:59] "GET /js/shell.js?v=20260823a HTTP/1.1" 200 -
::1 - - [23/Aug/2026 16:57:05] "GET /assets/brand/logo.png HTTP/1.1" 200 -
::1 - - [23/Aug/2026 16:57:05] "GET /assets/bg/scene3.mp4 HTTP/1.1" 200 -
::1 - - [23/Aug/2026 16:57:06] "GET /assets/bg/scene3.mp4 HTTP/1.1" 200 -
----------------------------------------
Exception occurred during processing of request from ('::1', 61639, 0, 0)
Traceback (most recent call last):
  File "D:\Learning_tools\python_new_3.14.5\Lib\socketserver.py", line 697, in process_request_thread
    self.finish_request(request, client_address)
    ~~~~~~~~~~~~~~~~~~~^^^^^^^^^^^^^^^^^^^^^^^^^
  File "D:\Learning_tools\python_new_3.14.5\Lib\http\server.py", line 1422, in finish_request
    self.RequestHandlerClass(request, client_address, self,
    ~~~~~~~~~~~~~~~~~~~~~~~~^^^^^^^^^^^^^^^^^^^^^^^^^^^^^^^
                             directory=args.directory)
                             ^^^^^^^^^^^^^^^^^^^^^^^^^
  File "D:\Learning_tools\python_new_3.14.5\Lib\http\server.py", line 732, in __init__
    super().__init__(*args, **kwargs)
    ~~~~~~~~~~~~~~~~^^^^^^^^^^^^^^^^^
  File "D:\Learning_tools\python_new_3.14.5\Lib\socketserver.py", line 766, in __init__
    self.handle()
    ~~~~~~~~~~~^^
  File "D:\Learning_tools\python_new_3.14.5\Lib\http\server.py", line 496, in handle
    self.handle_one_request()
    ~~~~~~~~~~~~~~~~~~~~~~~^^
  File "D:\Learning_tools\python_new_3.14.5\Lib\http\server.py", line 484, in handle_one_request
    method()
    ~~~~~~^^
  File "D:\Learning_tools\python_new_3.14.5\Lib\http\server.py", line 739, in do_GET
    self.copyfile(f, self.wfile)
    ~~~~~~~~~~~~~^^^^^^^^^^^^^^^
  File "D:\Learning_tools\python_new_3.14.5\Lib\http\server.py", line 942, in copyfile
    shutil.copyfileobj(source, outputfile)
    ~~~~~~~~~~~~~~~~~~^^^^^^^^^^^^^^^^^^^^
  File "D:\Learning_tools\python_new_3.14.5\Lib\shutil.py", line 257, in copyfileobj
    fdst_write(buf)
    ~~~~~~~~~~^^^^^
  File "D:\Learning_tools\python_new_3.14.5\Lib\socketserver.py", line 845, in write
    self._sock.sendall(b)
    ~~~~~~~~~~~~~~~~~~^^^
ConnectionResetError: [WinError 10054] 远程主机强迫关闭了一个现有的连接。
----------------------------------------
::1 - - [23/Aug/2026 16:57:06] "GET /assets/china-geo.json HTTP/1.1" 200 -
::1 - - [23/Aug/2026 16:59:28] "GET /pages/map.html HTTP/1.1" 200 -
::1 - - [23/Aug/2026 16:59:28] "GET /css/tokens.css HTTP/1.1" 200 -
::1 - - [23/Aug/2026 16:59:28] "GET /css/shell.css HTTP/1.1" 200 -
::1 - - [23/Aug/2026 16:59:28] "GET /css/components.css HTTP/1.1" 200 -
::1 - - [23/Aug/2026 16:59:28] "GET /css/legacy-views.css HTTP/1.1" 200 -
::1 - - [23/Aug/2026 16:59:28] "GET /js/api.js?v=20260823a HTTP/1.1" 200 -
::1 - - [23/Aug/2026 16:59:28] "GET /js/cinema-bg.js?v=20260823a HTTP/1.1" 200 -
::1 - - [23/Aug/2026 16:59:28] "GET /js/runtime-core.js?v=20260823a HTTP/1.1" 200 -
::1 - - [23/Aug/2026 16:59:28] "GET /js/cinema-music.js?v=20260823a HTTP/1.1" 200 -
::1 - - [23/Aug/2026 16:59:28] "GET /js/shell.js?v=20260823a HTTP/1.1" 200 -
::1 - - [23/Aug/2026 16:59:28] "GET /js/pages/map.js?v=20260823a HTTP/1.1" 200 -
::1 - - [23/Aug/2026 16:59:36] "GET /assets/brand/logo.png HTTP/1.1" 200 -
::1 - - [23/Aug/2026 16:59:36] "GET /assets/bg/scene3.mp4 HTTP/1.1" 200 -
::1 - - [23/Aug/2026 16:59:37] "GET /assets/china-geo.json HTTP/1.1" 200 -
::1 - - [23/Aug/2026 16:59:43] code 404, message File not found
::1 - - [23/Aug/2026 16:59:43] "GET /favicon.ico HTTP/1.1" 404 -
::1 - - [23/Aug/2026 17:01:57] code 404, message File not found
::1 - - [23/Aug/2026 17:01:57] "GET /map/job-tech-graph/?job_title=test HTTP/1.1" 404 -
::1 - - [23/Aug/2026 17:03:37] "GET /pages/map.html HTTP/1.1" 304 -
::1 - - [23/Aug/2026 17:03:37] "GET /js/pages/map.js?v=20260823a HTTP/1.1" 200 -
::1 - - [23/Aug/2026 17:03:38] "GET /assets/bg/scene3.mp4 HTTP/1.1" 200 -
::1 - - [23/Aug/2026 17:03:38] "GET /assets/bg/scene3.mp4 HTTP/1.1" 200 -
----------------------------------------
Exception occurred during processing of request from ('::1', 51477, 0, 0)
Traceback (most recent call last):
  File "D:\Learning_tools\python_new_3.14.5\Lib\socketserver.py", line 697, in process_request_thread
    self.finish_request(request, client_address)
    ~~~~~~~~~~~~~~~~~~~^^^^^^^^^^^^^^^^^^^^^^^^^
  File "D:\Learning_tools\python_new_3.14.5\Lib\http\server.py", line 1422, in finish_request
    self.RequestHandlerClass(request, client_address, self,
    ~~~~~~~~~~~~~~~~~~~~~~~~^^^^^^^^^^^^^^^^^^^^^^^^^^^^^^^
                             directory=args.directory)
                             ^^^^^^^^^^^^^^^^^^^^^^^^^
  File "D:\Learning_tools\python_new_3.14.5\Lib\http\server.py", line 732, in __init__
    super().__init__(*args, **kwargs)
    ~~~~~~~~~~~~~~~~^^^^^^^^^^^^^^^^^
  File "D:\Learning_tools\python_new_3.14.5\Lib\socketserver.py", line 766, in __init__
    self.handle()
    ~~~~~~~~~~~^^
  File "D:\Learning_tools\python_new_3.14.5\Lib\http\server.py", line 496, in handle
    self.handle_one_request()
    ~~~~~~~~~~~~~~~~~~~~~~~^^
  File "D:\Learning_tools\python_new_3.14.5\Lib\http\server.py", line 484, in handle_one_request
    method()
    ~~~~~~^^
  File "D:\Learning_tools\python_new_3.14.5\Lib\http\server.py", line 739, in do_GET
    self.copyfile(f, self.wfile)
    ~~~~~~~~~~~~~^^^^^^^^^^^^^^^
  File "D:\Learning_tools\python_new_3.14.5\Lib\http\server.py", line 942, in copyfile
    shutil.copyfileobj(source, outputfile)
    ~~~~~~~~~~~~~~~~~~^^^^^^^^^^^^^^^^^^^^
  File "D:\Learning_tools\python_new_3.14.5\Lib\shutil.py", line 257, in copyfileobj
    fdst_write(buf)
    ~~~~~~~~~~^^^^^
  File "D:\Learning_tools\python_new_3.14.5\Lib\socketserver.py", line 845, in write
    self._sock.sendall(b)
    ~~~~~~~~~~~~~~~~~~^^^
ConnectionResetError: [WinError 10054] 远程主机强迫关闭了一个现有的连接。
----------------------------------------
::1 - - [23/Aug/2026 17:08:15] "GET /pages/map.html HTTP/1.1" 304 -
::1 - - [23/Aug/2026 17:08:15] "GET /js/pages/map.js?v=20260823a HTTP/1.1" 304 -
::1 - - [23/Aug/2026 17:08:15] "GET /assets/bg/scene3.mp4 HTTP/1.1" 200 -
::1 - - [23/Aug/2026 17:08:15] "GET /assets/bg/scene3.mp4 HTTP/1.1" 200 -
----------------------------------------
Exception occurred during processing of request from ('::1', 52408, 0, 0)
Traceback (most recent call last):
  File "D:\Learning_tools\python_new_3.14.5\Lib\socketserver.py", line 697, in process_request_thread
    self.finish_request(request, client_address)
    ~~~~~~~~~~~~~~~~~~~^^^^^^^^^^^^^^^^^^^^^^^^^
  File "D:\Learning_tools\python_new_3.14.5\Lib\http\server.py", line 1422, in finish_request
    self.RequestHandlerClass(request, client_address, self,
    ~~~~~~~~~~~~~~~~~~~~~~~~^^^^^^^^^^^^^^^^^^^^^^^^^^^^^^^
                             directory=args.directory)
                             ^^^^^^^^^^^^^^^^^^^^^^^^^
  File "D:\Learning_tools\python_new_3.14.5\Lib\http\server.py", line 732, in __init__
    super().__init__(*args, **kwargs)
    ~~~~~~~~~~~~~~~~^^^^^^^^^^^^^^^^^
  File "D:\Learning_tools\python_new_3.14.5\Lib\socketserver.py", line 766, in __init__
    self.handle()
    ~~~~~~~~~~~^^
  File "D:\Learning_tools\python_new_3.14.5\Lib\http\server.py", line 496, in handle
    self.handle_one_request()
    ~~~~~~~~~~~~~~~~~~~~~~~^^
  File "D:\Learning_tools\python_new_3.14.5\Lib\http\server.py", line 484, in handle_one_request
    method()
    ~~~~~~^^
  File "D:\Learning_tools\python_new_3.14.5\Lib\http\server.py", line 739, in do_GET
    self.copyfile(f, self.wfile)
    ~~~~~~~~~~~~~^^^^^^^^^^^^^^^
  File "D:\Learning_tools\python_new_3.14.5\Lib\http\server.py", line 942, in copyfile
    shutil.copyfileobj(source, outputfile)
    ~~~~~~~~~~~~~~~~~~^^^^^^^^^^^^^^^^^^^^
  File "D:\Learning_tools\python_new_3.14.5\Lib\shutil.py", line 257, in copyfileobj
    fdst_write(buf)
    ~~~~~~~~~~^^^^^
  File "D:\Learning_tools\python_new_3.14.5\Lib\socketserver.py", line 845, in write
    self._sock.sendall(b)
    ~~~~~~~~~~~~~~~~~~^^^
ConnectionResetError: [WinError 10054] 远程主机强迫关闭了一个现有的连接。
----------------------------------------
::1 - - [23/Aug/2026 17:09:26] "GET /pages/map.html HTTP/1.1" 304 -
::1 - - [23/Aug/2026 17:09:26] "GET /js/pages/map.js?v=20260823a HTTP/1.1" 200 -
::1 - - [23/Aug/2026 17:09:26] "GET /assets/bg/scene3.mp4 HTTP/1.1" 200 -
::1 - - [23/Aug/2026 17:09:26] "GET /assets/bg/scene3.mp4 HTTP/1.1" 200 -
----------------------------------------
Exception occurred during processing of request from ('::1', 55396, 0, 0)
Traceback (most recent call last):
  File "D:\Learning_tools\python_new_3.14.5\Lib\socketserver.py", line 697, in process_request_thread
    self.finish_request(request, client_address)
    ~~~~~~~~~~~~~~~~~~~^^^^^^^^^^^^^^^^^^^^^^^^^
  File "D:\Learning_tools\python_new_3.14.5\Lib\http\server.py", line 1422, in finish_request
    self.RequestHandlerClass(request, client_address, self,
    ~~~~~~~~~~~~~~~~~~~~~~~~^^^^^^^^^^^^^^^^^^^^^^^^^^^^^^^
                             directory=args.directory)
                             ^^^^^^^^^^^^^^^^^^^^^^^^^
  File "D:\Learning_tools\python_new_3.14.5\Lib\http\server.py", line 732, in __init__
    super().__init__(*args, **kwargs)
    ~~~~~~~~~~~~~~~~^^^^^^^^^^^^^^^^^
  File "D:\Learning_tools\python_new_3.14.5\Lib\socketserver.py", line 766, in __init__
    self.handle()
    ~~~~~~~~~~~^^
  File "D:\Learning_tools\python_new_3.14.5\Lib\http\server.py", line 496, in handle
    self.handle_one_request()
    ~~~~~~~~~~~~~~~~~~~~~~~^^
  File "D:\Learning_tools\python_new_3.14.5\Lib\http\server.py", line 484, in handle_one_request
    method()
    ~~~~~~^^
  File "D:\Learning_tools\python_new_3.14.5\Lib\http\server.py", line 739, in do_GET
    self.copyfile(f, self.wfile)
    ~~~~~~~~~~~~~^^^^^^^^^^^^^^^
  File "D:\Learning_tools\python_new_3.14.5\Lib\http\server.py", line 942, in copyfile
    shutil.copyfileobj(source, outputfile)
    ~~~~~~~~~~~~~~~~~~^^^^^^^^^^^^^^^^^^^^
  File "D:\Learning_tools\python_new_3.14.5\Lib\shutil.py", line 257, in copyfileobj
    fdst_write(buf)
    ~~~~~~~~~~^^^^^
  File "D:\Learning_tools\python_new_3.14.5\Lib\socketserver.py", line 845, in write
    self._sock.sendall(b)
    ~~~~~~~~~~~~~~~~~~^^^
ConnectionResetError: [WinError 10054] 远程主机强迫关闭了一个现有的连接。
----------------------------------------
::1 - - [23/Aug/2026 17:13:01] "GET /pages/map.html HTTP/1.1" 200 -
::1 - - [23/Aug/2026 17:13:01] "GET /css/tokens.css HTTP/1.1" 200 -
::1 - - [23/Aug/2026 17:13:01] "GET /css/shell.css HTTP/1.1" 200 -
::1 - - [23/Aug/2026 17:13:01] "GET /css/components.css HTTP/1.1" 200 -
::1 - - [23/Aug/2026 17:13:01] "GET /css/legacy-views.css HTTP/1.1" 200 -
::1 - - [23/Aug/2026 17:13:01] "GET /js/api.js?v=20260823a HTTP/1.1" 200 -
::1 - - [23/Aug/2026 17:13:01] "GET /js/runtime-core.js?v=20260823a HTTP/1.1" 200 -
::1 - - [23/Aug/2026 17:13:01] "GET /js/cinema-bg.js?v=20260823a HTTP/1.1" 200 -
::1 - - [23/Aug/2026 17:13:01] "GET /js/cinema-music.js?v=20260823a HTTP/1.1" 200 -
::1 - - [23/Aug/2026 17:13:01] "GET /js/shell.js?v=20260823a HTTP/1.1" 200 -
::1 - - [23/Aug/2026 17:13:01] "GET /js/pages/map.js?v=20260823a HTTP/1.1" 200 -
::1 - - [23/Aug/2026 17:13:10] "GET /assets/brand/logo.png HTTP/1.1" 200 -
::1 - - [23/Aug/2026 17:13:10] "GET /assets/bg/scene3.mp4 HTTP/1.1" 200 -
::1 - - [23/Aug/2026 17:13:10] "GET /assets/bg/scene3.mp4 HTTP/1.1" 200 -
----------------------------------------
Exception occurred during processing of request from ('::1', 51510, 0, 0)
Traceback (most recent call last):
  File "D:\Learning_tools\python_new_3.14.5\Lib\socketserver.py", line 697, in process_request_thread
    self.finish_request(request, client_address)
    ~~~~~~~~~~~~~~~~~~~^^^^^^^^^^^^^^^^^^^^^^^^^
  File "D:\Learning_tools\python_new_3.14.5\Lib\http\server.py", line 1422, in finish_request
    self.RequestHandlerClass(request, client_address, self,
    ~~~~~~~~~~~~~~~~~~~~~~~~^^^^^^^^^^^^^^^^^^^^^^^^^^^^^^^
                             directory=args.directory)
                             ^^^^^^^^^^^^^^^^^^^^^^^^^
  File "D:\Learning_tools\python_new_3.14.5\Lib\http\server.py", line 732, in __init__
    super().__init__(*args, **kwargs)
    ~~~~~~~~~~~~~~~~^^^^^^^^^^^^^^^^^
  File "D:\Learning_tools\python_new_3.14.5\Lib\socketserver.py", line 766, in __init__
    self.handle()
    ~~~~~~~~~~~^^
  File "D:\Learning_tools\python_new_3.14.5\Lib\http\server.py", line 496, in handle
    self.handle_one_request()
    ~~~~~~~~~~~~~~~~~~~~~~~^^
  File "D:\Learning_tools\python_new_3.14.5\Lib\http\server.py", line 484, in handle_one_request
    method()
    ~~~~~~^^
  File "D:\Learning_tools\python_new_3.14.5\Lib\http\server.py", line 739, in do_GET
    self.copyfile(f, self.wfile)
    ~~~~~~~~~~~~~^^^^^^^^^^^^^^^
  File "D:\Learning_tools\python_new_3.14.5\Lib\http\server.py", line 942, in copyfile
    shutil.copyfileobj(source, outputfile)
    ~~~~~~~~~~~~~~~~~~^^^^^^^^^^^^^^^^^^^^
  File "D:\Learning_tools\python_new_3.14.5\Lib\shutil.py", line 257, in copyfileobj
    fdst_write(buf)
    ~~~~~~~~~~^^^^^
  File "D:\Learning_tools\python_new_3.14.5\Lib\socketserver.py", line 845, in write
    self._sock.sendall(b)
    ~~~~~~~~~~~~~~~~~~^^^
ConnectionResetError: [WinError 10054] 远程主机强迫关闭了一个现有的连接。
----------------------------------------
::1 - - [23/Aug/2026 17:13:11] "GET /assets/china-geo.json HTTP/1.1" 200 -
::1 - - [23/Aug/2026 17:13:17] code 404, message File not found
::1 - - [23/Aug/2026 17:13:17] "GET /favicon.ico HTTP/1.1" 404 -
::1 - - [23/Aug/2026 17:13:28] "GET /pages/map.html HTTP/1.1" 304 -
::1 - - [23/Aug/2026 17:13:28] "GET /js/pages/map.js?v=20260823a HTTP/1.1" 304 -
::1 - - [23/Aug/2026 17:13:28] "GET /assets/bg/scene3.mp4 HTTP/1.1" 200 -
::1 - - [23/Aug/2026 17:13:28] "GET /assets/bg/scene3.mp4 HTTP/1.1" 200 -
::1 - - [23/Aug/2026 17:15:15] "GET /pages/map.html HTTP/1.1" 304 -
::1 - - [23/Aug/2026 17:15:15] "GET /js/pages/map.js?v=20260823a HTTP/1.1" 304 -
::1 - - [23/Aug/2026 17:15:15] "GET /assets/bg/scene3.mp4 HTTP/1.1" 200 -
::1 - - [23/Aug/2026 17:15:15] "GET /assets/bg/scene3.mp4 HTTP/1.1" 200 -
----------------------------------------
Exception occurred during processing of request from ('::1', 49225, 0, 0)
Traceback (most recent call last):
  File "D:\Learning_tools\python_new_3.14.5\Lib\socketserver.py", line 697, in process_request_thread
    self.finish_request(request, client_address)
    ~~~~~~~~~~~~~~~~~~~^^^^^^^^^^^^^^^^^^^^^^^^^
  File "D:\Learning_tools\python_new_3.14.5\Lib\http\server.py", line 1422, in finish_request
    self.RequestHandlerClass(request, client_address, self,
    ~~~~~~~~~~~~~~~~~~~~~~~~^^^^^^^^^^^^^^^^^^^^^^^^^^^^^^^
                             directory=args.directory)
                             ^^^^^^^^^^^^^^^^^^^^^^^^^
  File "D:\Learning_tools\python_new_3.14.5\Lib\http\server.py", line 732, in __init__
    super().__init__(*args, **kwargs)
    ~~~~~~~~~~~~~~~~^^^^^^^^^^^^^^^^^
  File "D:\Learning_tools\python_new_3.14.5\Lib\socketserver.py", line 766, in __init__
    self.handle()
    ~~~~~~~~~~~^^
  File "D:\Learning_tools\python_new_3.14.5\Lib\http\server.py", line 496, in handle
    self.handle_one_request()
    ~~~~~~~~~~~~~~~~~~~~~~~^^
  File "D:\Learning_tools\python_new_3.14.5\Lib\http\server.py", line 484, in handle_one_request
    method()
    ~~~~~~^^
  File "D:\Learning_tools\python_new_3.14.5\Lib\http\server.py", line 739, in do_GET
    self.copyfile(f, self.wfile)
    ~~~~~~~~~~~~~^^^^^^^^^^^^^^^
  File "D:\Learning_tools\python_new_3.14.5\Lib\http\server.py", line 942, in copyfile
    shutil.copyfileobj(source, outputfile)
    ~~~~~~~~~~~~~~~~~~^^^^^^^^^^^^^^^^^^^^
  File "D:\Learning_tools\python_new_3.14.5\Lib\shutil.py", line 257, in copyfileobj
    fdst_write(buf)
    ~~~~~~~~~~^^^^^
  File "D:\Learning_tools\python_new_3.14.5\Lib\socketserver.py", line 845, in write
    self._sock.sendall(b)
    ~~~~~~~~~~~~~~~~~~^^^
ConnectionResetError: [WinError 10054] 远程主机强迫关闭了一个现有的连接。
----------------------------------------
::1 - - [23/Aug/2026 17:15:29] "GET /pages/map.html HTTP/1.1" 304 -
::1 - - [23/Aug/2026 17:15:29] "GET /assets/bg/scene3.mp4 HTTP/1.1" 200 -
::1 - - [23/Aug/2026 17:15:29] "GET /assets/bg/scene3.mp4 HTTP/1.1" 200 -
----------------------------------------
Exception occurred during processing of request from ('::1', 56030, 0, 0)
Traceback (most recent call last):
  File "D:\Learning_tools\python_new_3.14.5\Lib\socketserver.py", line 697, in process_request_thread
    self.finish_request(request, client_address)
    ~~~~~~~~~~~~~~~~~~~^^^^^^^^^^^^^^^^^^^^^^^^^
  File "D:\Learning_tools\python_new_3.14.5\Lib\http\server.py", line 1422, in finish_request
    self.RequestHandlerClass(request, client_address, self,
    ~~~~~~~~~~~~~~~~~~~~~~~~^^^^^^^^^^^^^^^^^^^^^^^^^^^^^^^
                             directory=args.directory)
                             ^^^^^^^^^^^^^^^^^^^^^^^^^
  File "D:\Learning_tools\python_new_3.14.5\Lib\http\server.py", line 732, in __init__
    super().__init__(*args, **kwargs)
    ~~~~~~~~~~~~~~~~^^^^^^^^^^^^^^^^^
  File "D:\Learning_tools\python_new_3.14.5\Lib\socketserver.py", line 766, in __init__
    self.handle()
    ~~~~~~~~~~~^^
  File "D:\Learning_tools\python_new_3.14.5\Lib\http\server.py", line 496, in handle
    self.handle_one_request()
    ~~~~~~~~~~~~~~~~~~~~~~~^^
  File "D:\Learning_tools\python_new_3.14.5\Lib\http\server.py", line 484, in handle_one_request
    method()
    ~~~~~~^^
  File "D:\Learning_tools\python_new_3.14.5\Lib\http\server.py", line 739, in do_GET
    self.copyfile(f, self.wfile)
    ~~~~~~~~~~~~~^^^^^^^^^^^^^^^
  File "D:\Learning_tools\python_new_3.14.5\Lib\http\server.py", line 942, in copyfile
    shutil.copyfileobj(source, outputfile)
    ~~~~~~~~~~~~~~~~~~^^^^^^^^^^^^^^^^^^^^
  File "D:\Learning_tools\python_new_3.14.5\Lib\shutil.py", line 257, in copyfileobj
    fdst_write(buf)
    ~~~~~~~~~~^^^^^
  File "D:\Learning_tools\python_new_3.14.5\Lib\socketserver.py", line 845, in write
    self._sock.sendall(b)
    ~~~~~~~~~~~~~~~~~~^^^
ConnectionResetError: [WinError 10054] 远程主机强迫关闭了一个现有的连接。
----------------------------------------
::1 - - [23/Aug/2026 17:15:41] "GET /pages/map.html HTTP/1.1" 304 -
::1 - - [23/Aug/2026 17:15:41] "GET /assets/bg/scene3.mp4 HTTP/1.1" 200 -
::1 - - [23/Aug/2026 17:15:41] "GET /assets/bg/scene3.mp4 HTTP/1.1" 200 -
::1 - - [23/Aug/2026 17:16:07] "GET /pages/map.html HTTP/1.1" 304 -
::1 - - [23/Aug/2026 17:16:07] "GET /js/pages/map.js?v=20260823a HTTP/1.1" 304 -
::1 - - [23/Aug/2026 17:16:07] "GET /assets/bg/scene3.mp4 HTTP/1.1" 200 -
::1 - - [23/Aug/2026 17:16:07] "GET /assets/bg/scene3.mp4 HTTP/1.1" 200 -
----------------------------------------
Exception occurred during processing of request from ('::1', 55065, 0, 0)
Traceback (most recent call last):
  File "D:\Learning_tools\python_new_3.14.5\Lib\socketserver.py", line 697, in process_request_thread
    self.finish_request(request, client_address)
    ~~~~~~~~~~~~~~~~~~~^^^^^^^^^^^^^^^^^^^^^^^^^
  File "D:\Learning_tools\python_new_3.14.5\Lib\http\server.py", line 1422, in finish_request
    self.RequestHandlerClass(request, client_address, self,
    ~~~~~~~~~~~~~~~~~~~~~~~~^^^^^^^^^^^^^^^^^^^^^^^^^^^^^^^
                             directory=args.directory)
                             ^^^^^^^^^^^^^^^^^^^^^^^^^
  File "D:\Learning_tools\python_new_3.14.5\Lib\http\server.py", line 732, in __init__
    super().__init__(*args, **kwargs)
    ~~~~~~~~~~~~~~~~^^^^^^^^^^^^^^^^^
  File "D:\Learning_tools\python_new_3.14.5\Lib\socketserver.py", line 766, in __init__
    self.handle()
    ~~~~~~~~~~~^^
  File "D:\Learning_tools\python_new_3.14.5\Lib\http\server.py", line 496, in handle
    self.handle_one_request()
    ~~~~~~~~~~~~~~~~~~~~~~~^^
  File "D:\Learning_tools\python_new_3.14.5\Lib\http\server.py", line 484, in handle_one_request
    method()
    ~~~~~~^^
  File "D:\Learning_tools\python_new_3.14.5\Lib\http\server.py", line 739, in do_GET
    self.copyfile(f, self.wfile)
    ~~~~~~~~~~~~~^^^^^^^^^^^^^^^
  File "D:\Learning_tools\python_new_3.14.5\Lib\http\server.py", line 942, in copyfile
    shutil.copyfileobj(source, outputfile)
    ~~~~~~~~~~~~~~~~~~^^^^^^^^^^^^^^^^^^^^
  File "D:\Learning_tools\python_new_3.14.5\Lib\shutil.py", line 257, in copyfileobj
    fdst_write(buf)
    ~~~~~~~~~~^^^^^
  File "D:\Learning_tools\python_new_3.14.5\Lib\socketserver.py", line 845, in write
    self._sock.sendall(b)
    ~~~~~~~~~~~~~~~~~~^^^
ConnectionResetError: [WinError 10054] 远程主机强迫关闭了一个现有的连接。
----------------------------------------
::1 - - [23/Aug/2026 17:16:21] "GET /pages/map.html HTTP/1.1" 304 -
::1 - - [23/Aug/2026 17:16:21] "GET /assets/bg/scene3.mp4 HTTP/1.1" 200 -
::1 - - [23/Aug/2026 17:16:21] "GET /assets/bg/scene3.mp4 HTTP/1.1" 200 -
::1 - - [23/Aug/2026 17:17:09] "GET /pages/map.html HTTP/1.1" 304 -
::1 - - [23/Aug/2026 17:17:09] "GET /js/pages/map.js?v=20260823a HTTP/1.1" 304 -
::1 - - [23/Aug/2026 17:17:09] "GET /assets/bg/scene3.mp4 HTTP/1.1" 200 -
::1 - - [23/Aug/2026 17:17:09] "GET /assets/bg/scene3.mp4 HTTP/1.1" 200 -
----------------------------------------
Exception occurred during processing of request from ('::1', 64903, 0, 0)
Traceback (most recent call last):
  File "D:\Learning_tools\python_new_3.14.5\Lib\socketserver.py", line 697, in process_request_thread
    self.finish_request(request, client_address)
    ~~~~~~~~~~~~~~~~~~~^^^^^^^^^^^^^^^^^^^^^^^^^
  File "D:\Learning_tools\python_new_3.14.5\Lib\http\server.py", line 1422, in finish_request
    self.RequestHandlerClass(request, client_address, self,
    ~~~~~~~~~~~~~~~~~~~~~~~~^^^^^^^^^^^^^^^^^^^^^^^^^^^^^^^
                             directory=args.directory)
                             ^^^^^^^^^^^^^^^^^^^^^^^^^
  File "D:\Learning_tools\python_new_3.14.5\Lib\http\server.py", line 732, in __init__
    super().__init__(*args, **kwargs)
    ~~~~~~~~~~~~~~~~^^^^^^^^^^^^^^^^^
  File "D:\Learning_tools\python_new_3.14.5\Lib\socketserver.py", line 766, in __init__
    self.handle()
    ~~~~~~~~~~~^^
  File "D:\Learning_tools\python_new_3.14.5\Lib\http\server.py", line 496, in handle
    self.handle_one_request()
    ~~~~~~~~~~~~~~~~~~~~~~~^^
  File "D:\Learning_tools\python_new_3.14.5\Lib\http\server.py", line 484, in handle_one_request
    method()
    ~~~~~~^^
  File "D:\Learning_tools\python_new_3.14.5\Lib\http\server.py", line 739, in do_GET
    self.copyfile(f, self.wfile)
    ~~~~~~~~~~~~~^^^^^^^^^^^^^^^
  File "D:\Learning_tools\python_new_3.14.5\Lib\http\server.py", line 942, in copyfile
    shutil.copyfileobj(source, outputfile)
    ~~~~~~~~~~~~~~~~~~^^^^^^^^^^^^^^^^^^^^
  File "D:\Learning_tools\python_new_3.14.5\Lib\shutil.py", line 257, in copyfileobj
    fdst_write(buf)
    ~~~~~~~~~~^^^^^
  File "D:\Learning_tools\python_new_3.14.5\Lib\socketserver.py", line 845, in write
    self._sock.sendall(b)
    ~~~~~~~~~~~~~~~~~~^^^
ConnectionResetError: [WinError 10054] 远程主机强迫关闭了一个现有的连接。
----------------------------------------
::1 - - [23/Aug/2026 17:17:31] "GET /pages/map.html HTTP/1.1" 304 -
::1 - - [23/Aug/2026 17:17:31] "GET /assets/bg/scene3.mp4 HTTP/1.1" 200 -
::1 - - [23/Aug/2026 17:17:31] "GET /assets/bg/scene3.mp4 HTTP/1.1" 200 -
----------------------------------------
Exception occurred during processing of request from ('::1', 60753, 0, 0)
Traceback (most recent call last):
  File "D:\Learning_tools\python_new_3.14.5\Lib\socketserver.py", line 697, in process_request_thread
    self.finish_request(request, client_address)
    ~~~~~~~~~~~~~~~~~~~^^^^^^^^^^^^^^^^^^^^^^^^^
  File "D:\Learning_tools\python_new_3.14.5\Lib\http\server.py", line 1422, in finish_request
    self.RequestHandlerClass(request, client_address, self,
    ~~~~~~~~~~~~~~~~~~~~~~~~^^^^^^^^^^^^^^^^^^^^^^^^^^^^^^^
                             directory=args.directory)
                             ^^^^^^^^^^^^^^^^^^^^^^^^^
  File "D:\Learning_tools\python_new_3.14.5\Lib\http\server.py", line 732, in __init__
    super().__init__(*args, **kwargs)
    ~~~~~~~~~~~~~~~~^^^^^^^^^^^^^^^^^
  File "D:\Learning_tools\python_new_3.14.5\Lib\socketserver.py", line 766, in __init__
    self.handle()
    ~~~~~~~~~~~^^
  File "D:\Learning_tools\python_new_3.14.5\Lib\http\server.py", line 496, in handle
    self.handle_one_request()
    ~~~~~~~~~~~~~~~~~~~~~~~^^
  File "D:\Learning_tools\python_new_3.14.5\Lib\http\server.py", line 484, in handle_one_request
    method()
    ~~~~~~^^
  File "D:\Learning_tools\python_new_3.14.5\Lib\http\server.py", line 739, in do_GET
    self.copyfile(f, self.wfile)
    ~~~~~~~~~~~~~^^^^^^^^^^^^^^^
  File "D:\Learning_tools\python_new_3.14.5\Lib\http\server.py", line 942, in copyfile
    shutil.copyfileobj(source, outputfile)
    ~~~~~~~~~~~~~~~~~~^^^^^^^^^^^^^^^^^^^^
  File "D:\Learning_tools\python_new_3.14.5\Lib\shutil.py", line 257, in copyfileobj
    fdst_write(buf)
    ~~~~~~~~~~^^^^^
  File "D:\Learning_tools\python_new_3.14.5\Lib\socketserver.py", line 845, in write
    self._sock.sendall(b)
    ~~~~~~~~~~~~~~~~~~^^^
ConnectionResetError: [WinError 10054] 远程主机强迫关闭了一个现有的连接。
----------------------------------------
::1 - - [23/Aug/2026 17:17:56] "GET /pages/map.html HTTP/1.1" 304 -
::1 - - [23/Aug/2026 17:17:56] "GET /js/pages/map.js?v=20260823a HTTP/1.1" 304 -
::1 - - [23/Aug/2026 17:17:56] "GET /assets/bg/scene3.mp4 HTTP/1.1" 200 -
::1 - - [23/Aug/2026 17:17:56] "GET /assets/bg/scene3.mp4 HTTP/1.1" 200 -
----------------------------------------
Exception occurred during processing of request from ('::1', 63127, 0, 0)
Traceback (most recent call last):
  File "D:\Learning_tools\python_new_3.14.5\Lib\socketserver.py", line 697, in process_request_thread
    self.finish_request(request, client_address)
    ~~~~~~~~~~~~~~~~~~~^^^^^^^^^^^^^^^^^^^^^^^^^
  File "D:\Learning_tools\python_new_3.14.5\Lib\http\server.py", line 1422, in finish_request
    self.RequestHandlerClass(request, client_address, self,
    ~~~~~~~~~~~~~~~~~~~~~~~~^^^^^^^^^^^^^^^^^^^^^^^^^^^^^^^
                             directory=args.directory)
                             ^^^^^^^^^^^^^^^^^^^^^^^^^
  File "D:\Learning_tools\python_new_3.14.5\Lib\http\server.py", line 732, in __init__
    super().__init__(*args, **kwargs)
    ~~~~~~~~~~~~~~~~^^^^^^^^^^^^^^^^^
  File "D:\Learning_tools\python_new_3.14.5\Lib\socketserver.py", line 766, in __init__
    self.handle()
    ~~~~~~~~~~~^^
  File "D:\Learning_tools\python_new_3.14.5\Lib\http\server.py", line 496, in handle
    self.handle_one_request()
    ~~~~~~~~~~~~~~~~~~~~~~~^^
  File "D:\Learning_tools\python_new_3.14.5\Lib\http\server.py", line 484, in handle_one_request
    method()
    ~~~~~~^^
  File "D:\Learning_tools\python_new_3.14.5\Lib\http\server.py", line 739, in do_GET
    self.copyfile(f, self.wfile)
    ~~~~~~~~~~~~~^^^^^^^^^^^^^^^
  File "D:\Learning_tools\python_new_3.14.5\Lib\http\server.py", line 942, in copyfile
    shutil.copyfileobj(source, outputfile)
    ~~~~~~~~~~~~~~~~~~^^^^^^^^^^^^^^^^^^^^
  File "D:\Learning_tools\python_new_3.14.5\Lib\shutil.py", line 257, in copyfileobj
    fdst_write(buf)
    ~~~~~~~~~~^^^^^
  File "D:\Learning_tools\python_new_3.14.5\Lib\socketserver.py", line 845, in write
    self._sock.sendall(b)
    ~~~~~~~~~~~~~~~~~~^^^
ConnectionResetError: [WinError 10054] 远程主机强迫关闭了一个现有的连接。
----------------------------------------
::1 - - [23/Aug/2026 17:18:11] "GET /pages/map.html HTTP/1.1" 304 -
::1 - - [23/Aug/2026 17:18:11] "GET /assets/bg/scene3.mp4 HTTP/1.1" 200 -
::1 - - [23/Aug/2026 17:18:11] "GET /assets/bg/scene3.mp4 HTTP/1.1" 200 -
----------------------------------------
Exception occurred during processing of request from ('::1', 56911, 0, 0)
Traceback (most recent call last):
  File "D:\Learning_tools\python_new_3.14.5\Lib\socketserver.py", line 697, in process_request_thread
    self.finish_request(request, client_address)
    ~~~~~~~~~~~~~~~~~~~^^^^^^^^^^^^^^^^^^^^^^^^^
  File "D:\Learning_tools\python_new_3.14.5\Lib\http\server.py", line 1422, in finish_request
    self.RequestHandlerClass(request, client_address, self,
    ~~~~~~~~~~~~~~~~~~~~~~~~^^^^^^^^^^^^^^^^^^^^^^^^^^^^^^^
                             directory=args.directory)
                             ^^^^^^^^^^^^^^^^^^^^^^^^^
  File "D:\Learning_tools\python_new_3.14.5\Lib\http\server.py", line 732, in __init__
    super().__init__(*args, **kwargs)
    ~~~~~~~~~~~~~~~~^^^^^^^^^^^^^^^^^
  File "D:\Learning_tools\python_new_3.14.5\Lib\socketserver.py", line 766, in __init__
    self.handle()
    ~~~~~~~~~~~^^
  File "D:\Learning_tools\python_new_3.14.5\Lib\http\server.py", line 496, in handle
    self.handle_one_request()
    ~~~~~~~~~~~~~~~~~~~~~~~^^
  File "D:\Learning_tools\python_new_3.14.5\Lib\http\server.py", line 484, in handle_one_request
    method()
    ~~~~~~^^
  File "D:\Learning_tools\python_new_3.14.5\Lib\http\server.py", line 739, in do_GET
    self.copyfile(f, self.wfile)
    ~~~~~~~~~~~~~^^^^^^^^^^^^^^^
  File "D:\Learning_tools\python_new_3.14.5\Lib\http\server.py", line 942, in copyfile
    shutil.copyfileobj(source, outputfile)
    ~~~~~~~~~~~~~~~~~~^^^^^^^^^^^^^^^^^^^^
  File "D:\Learning_tools\python_new_3.14.5\Lib\shutil.py", line 257, in copyfileobj
    fdst_write(buf)
    ~~~~~~~~~~^^^^^
  File "D:\Learning_tools\python_new_3.14.5\Lib\socketserver.py", line 845, in write
    self._sock.sendall(b)
    ~~~~~~~~~~~~~~~~~~^^^
ConnectionResetError: [WinError 10054] 远程主机强迫关闭了一个现有的连接。
----------------------------------------
::1 - - [23/Aug/2026 17:18:23] "GET /pages/map.html HTTP/1.1" 304 -
::1 - - [23/Aug/2026 17:18:23] "GET /assets/bg/scene3.mp4 HTTP/1.1" 200 -
::1 - - [23/Aug/2026 17:18:23] "GET /assets/bg/scene3.mp4 HTTP/1.1" 200 -
----------------------------------------
Exception occurred during processing of request from ('::1', 57072, 0, 0)
Traceback (most recent call last):
  File "D:\Learning_tools\python_new_3.14.5\Lib\socketserver.py", line 697, in process_request_thread
    self.finish_request(request, client_address)
    ~~~~~~~~~~~~~~~~~~~^^^^^^^^^^^^^^^^^^^^^^^^^
  File "D:\Learning_tools\python_new_3.14.5\Lib\http\server.py", line 1422, in finish_request
    self.RequestHandlerClass(request, client_address, self,
    ~~~~~~~~~~~~~~~~~~~~~~~~^^^^^^^^^^^^^^^^^^^^^^^^^^^^^^^
                             directory=args.directory)
                             ^^^^^^^^^^^^^^^^^^^^^^^^^
  File "D:\Learning_tools\python_new_3.14.5\Lib\http\server.py", line 732, in __init__
    super().__init__(*args, **kwargs)
    ~~~~~~~~~~~~~~~~^^^^^^^^^^^^^^^^^
  File "D:\Learning_tools\python_new_3.14.5\Lib\socketserver.py", line 766, in __init__
    self.handle()
    ~~~~~~~~~~~^^
  File "D:\Learning_tools\python_new_3.14.5\Lib\http\server.py", line 496, in handle
    self.handle_one_request()
    ~~~~~~~~~~~~~~~~~~~~~~~^^
  File "D:\Learning_tools\python_new_3.14.5\Lib\http\server.py", line 484, in handle_one_request
    method()
    ~~~~~~^^
  File "D:\Learning_tools\python_new_3.14.5\Lib\http\server.py", line 739, in do_GET
    self.copyfile(f, self.wfile)
    ~~~~~~~~~~~~~^^^^^^^^^^^^^^^
  File "D:\Learning_tools\python_new_3.14.5\Lib\http\server.py", line 942, in copyfile
    shutil.copyfileobj(source, outputfile)
    ~~~~~~~~~~~~~~~~~~^^^^^^^^^^^^^^^^^^^^
  File "D:\Learning_tools\python_new_3.14.5\Lib\shutil.py", line 257, in copyfileobj
    fdst_write(buf)
    ~~~~~~~~~~^^^^^
  File "D:\Learning_tools\python_new_3.14.5\Lib\socketserver.py", line 845, in write
    self._sock.sendall(b)
    ~~~~~~~~~~~~~~~~~~^^^
ConnectionResetError: [WinError 10054] 远程主机强迫关闭了一个现有的连接。
----------------------------------------
::1 - - [23/Aug/2026 17:18:39] "GET /pages/map.html HTTP/1.1" 304 -
::1 - - [23/Aug/2026 17:18:39] "GET /assets/bg/scene3.mp4 HTTP/1.1" 200 -
::1 - - [23/Aug/2026 17:18:39] "GET /assets/bg/scene3.mp4 HTTP/1.1" 200 -
----------------------------------------
Exception occurred during processing of request from ('::1', 57531, 0, 0)
Traceback (most recent call last):
  File "D:\Learning_tools\python_new_3.14.5\Lib\socketserver.py", line 697, in process_request_thread
    self.finish_request(request, client_address)
    ~~~~~~~~~~~~~~~~~~~^^^^^^^^^^^^^^^^^^^^^^^^^
  File "D:\Learning_tools\python_new_3.14.5\Lib\http\server.py", line 1422, in finish_request
    self.RequestHandlerClass(request, client_address, self,
    ~~~~~~~~~~~~~~~~~~~~~~~~^^^^^^^^^^^^^^^^^^^^^^^^^^^^^^^
                             directory=args.directory)
                             ^^^^^^^^^^^^^^^^^^^^^^^^^
  File "D:\Learning_tools\python_new_3.14.5\Lib\http\server.py", line 732, in __init__
    super().__init__(*args, **kwargs)
    ~~~~~~~~~~~~~~~~^^^^^^^^^^^^^^^^^
  File "D:\Learning_tools\python_new_3.14.5\Lib\socketserver.py", line 766, in __init__
    self.handle()
    ~~~~~~~~~~~^^
  File "D:\Learning_tools\python_new_3.14.5\Lib\http\server.py", line 496, in handle
    self.handle_one_request()
    ~~~~~~~~~~~~~~~~~~~~~~~^^
  File "D:\Learning_tools\python_new_3.14.5\Lib\http\server.py", line 484, in handle_one_request
    method()
    ~~~~~~^^
  File "D:\Learning_tools\python_new_3.14.5\Lib\http\server.py", line 739, in do_GET
    self.copyfile(f, self.wfile)
    ~~~~~~~~~~~~~^^^^^^^^^^^^^^^
  File "D:\Learning_tools\python_new_3.14.5\Lib\http\server.py", line 942, in copyfile
    shutil.copyfileobj(source, outputfile)
    ~~~~~~~~~~~~~~~~~~^^^^^^^^^^^^^^^^^^^^
  File "D:\Learning_tools\python_new_3.14.5\Lib\shutil.py", line 257, in copyfileobj
    fdst_write(buf)
    ~~~~~~~~~~^^^^^
  File "D:\Learning_tools\python_new_3.14.5\Lib\socketserver.py", line 845, in write
    self._sock.sendall(b)
    ~~~~~~~~~~~~~~~~~~^^^
ConnectionResetError: [WinError 10054] 远程主机强迫关闭了一个现有的连接。
----------------------------------------
::1 - - [23/Aug/2026 17:19:03] "GET /pages/map.html HTTP/1.1" 304 -
::1 - - [23/Aug/2026 17:19:03] "GET /js/pages/map.js?v=20260823a HTTP/1.1" 304 -
::1 - - [23/Aug/2026 17:19:03] "GET /assets/bg/scene3.mp4 HTTP/1.1" 200 -
::1 - - [23/Aug/2026 17:19:03] "GET /assets/bg/scene3.mp4 HTTP/1.1" 200 -
----------------------------------------
Exception occurred during processing of request from ('::1', 52309, 0, 0)
Traceback (most recent call last):
  File "D:\Learning_tools\python_new_3.14.5\Lib\socketserver.py", line 697, in process_request_thread
    self.finish_request(request, client_address)
    ~~~~~~~~~~~~~~~~~~~^^^^^^^^^^^^^^^^^^^^^^^^^
  File "D:\Learning_tools\python_new_3.14.5\Lib\http\server.py", line 1422, in finish_request
    self.RequestHandlerClass(request, client_address, self,
    ~~~~~~~~~~~~~~~~~~~~~~~~^^^^^^^^^^^^^^^^^^^^^^^^^^^^^^^
                             directory=args.directory)
                             ^^^^^^^^^^^^^^^^^^^^^^^^^
  File "D:\Learning_tools\python_new_3.14.5\Lib\http\server.py", line 732, in __init__
    super().__init__(*args, **kwargs)
    ~~~~~~~~~~~~~~~~^^^^^^^^^^^^^^^^^
  File "D:\Learning_tools\python_new_3.14.5\Lib\socketserver.py", line 766, in __init__
    self.handle()
    ~~~~~~~~~~~^^
  File "D:\Learning_tools\python_new_3.14.5\Lib\http\server.py", line 496, in handle
    self.handle_one_request()
    ~~~~~~~~~~~~~~~~~~~~~~~^^
  File "D:\Learning_tools\python_new_3.14.5\Lib\http\server.py", line 484, in handle_one_request
    method()
    ~~~~~~^^
  File "D:\Learning_tools\python_new_3.14.5\Lib\http\server.py", line 739, in do_GET
    self.copyfile(f, self.wfile)
    ~~~~~~~~~~~~~^^^^^^^^^^^^^^^
  File "D:\Learning_tools\python_new_3.14.5\Lib\http\server.py", line 942, in copyfile
    shutil.copyfileobj(source, outputfile)
    ~~~~~~~~~~~~~~~~~~^^^^^^^^^^^^^^^^^^^^
  File "D:\Learning_tools\python_new_3.14.5\Lib\shutil.py", line 257, in copyfileobj
    fdst_write(buf)
    ~~~~~~~~~~^^^^^
  File "D:\Learning_tools\python_new_3.14.5\Lib\socketserver.py", line 845, in write
    self._sock.sendall(b)
    ~~~~~~~~~~~~~~~~~~^^^
ConnectionResetError: [WinError 10054] 远程主机强迫关闭了一个现有的连接。
----------------------------------------
::1 - - [23/Aug/2026 17:19:46] "GET /pages/map.html HTTP/1.1" 304 -
::1 - - [23/Aug/2026 17:19:46] "GET /assets/bg/scene3.mp4 HTTP/1.1" 200 -
::1 - - [23/Aug/2026 17:19:46] "GET /assets/bg/scene3.mp4 HTTP/1.1" 200 -
----------------------------------------
Exception occurred during processing of request from ('::1', 51121, 0, 0)
Traceback (most recent call last):
  File "D:\Learning_tools\python_new_3.14.5\Lib\socketserver.py", line 697, in process_request_thread
    self.finish_request(request, client_address)
    ~~~~~~~~~~~~~~~~~~~^^^^^^^^^^^^^^^^^^^^^^^^^
  File "D:\Learning_tools\python_new_3.14.5\Lib\http\server.py", line 1422, in finish_request
    self.RequestHandlerClass(request, client_address, self,
    ~~~~~~~~~~~~~~~~~~~~~~~~^^^^^^^^^^^^^^^^^^^^^^^^^^^^^^^
                             directory=args.directory)
                             ^^^^^^^^^^^^^^^^^^^^^^^^^
  File "D:\Learning_tools\python_new_3.14.5\Lib\http\server.py", line 732, in __init__
    super().__init__(*args, **kwargs)
    ~~~~~~~~~~~~~~~~^^^^^^^^^^^^^^^^^
  File "D:\Learning_tools\python_new_3.14.5\Lib\socketserver.py", line 766, in __init__
    self.handle()
    ~~~~~~~~~~~^^
  File "D:\Learning_tools\python_new_3.14.5\Lib\http\server.py", line 496, in handle
    self.handle_one_request()
    ~~~~~~~~~~~~~~~~~~~~~~~^^
  File "D:\Learning_tools\python_new_3.14.5\Lib\http\server.py", line 484, in handle_one_request
    method()
    ~~~~~~^^
  File "D:\Learning_tools\python_new_3.14.5\Lib\http\server.py", line 739, in do_GET
    self.copyfile(f, self.wfile)
    ~~~~~~~~~~~~~^^^^^^^^^^^^^^^
  File "D:\Learning_tools\python_new_3.14.5\Lib\http\server.py", line 942, in copyfile
    shutil.copyfileobj(source, outputfile)
    ~~~~~~~~~~~~~~~~~~^^^^^^^^^^^^^^^^^^^^
  File "D:\Learning_tools\python_new_3.14.5\Lib\shutil.py", line 257, in copyfileobj
    fdst_write(buf)
    ~~~~~~~~~~^^^^^
  File "D:\Learning_tools\python_new_3.14.5\Lib\socketserver.py", line 845, in write
    self._sock.sendall(b)
    ~~~~~~~~~~~~~~~~~~^^^
ConnectionResetError: [WinError 10054] 远程主机强迫关闭了一个现有的连接。
----------------------------------------
::1 - - [23/Aug/2026 17:20:01] "GET /pages/map.html HTTP/1.1" 304 -
::1 - - [23/Aug/2026 17:20:01] "GET /assets/bg/scene3.mp4 HTTP/1.1" 200 -
::1 - - [23/Aug/2026 17:20:01] "GET /assets/bg/scene3.mp4 HTTP/1.1" 200 -
----------------------------------------
Exception occurred during processing of request from ('::1', 62590, 0, 0)
Traceback (most recent call last):
  File "D:\Learning_tools\python_new_3.14.5\Lib\socketserver.py", line 697, in process_request_thread
    self.finish_request(request, client_address)
    ~~~~~~~~~~~~~~~~~~~^^^^^^^^^^^^^^^^^^^^^^^^^
  File "D:\Learning_tools\python_new_3.14.5\Lib\http\server.py", line 1422, in finish_request
    self.RequestHandlerClass(request, client_address, self,
    ~~~~~~~~~~~~~~~~~~~~~~~~^^^^^^^^^^^^^^^^^^^^^^^^^^^^^^^
                             directory=args.directory)
                             ^^^^^^^^^^^^^^^^^^^^^^^^^
  File "D:\Learning_tools\python_new_3.14.5\Lib\http\server.py", line 732, in __init__
    super().__init__(*args, **kwargs)
    ~~~~~~~~~~~~~~~~^^^^^^^^^^^^^^^^^
  File "D:\Learning_tools\python_new_3.14.5\Lib\socketserver.py", line 766, in __init__
    self.handle()
    ~~~~~~~~~~~^^
  File "D:\Learning_tools\python_new_3.14.5\Lib\http\server.py", line 496, in handle
    self.handle_one_request()
    ~~~~~~~~~~~~~~~~~~~~~~~^^
  File "D:\Learning_tools\python_new_3.14.5\Lib\http\server.py", line 484, in handle_one_request
    method()
    ~~~~~~^^
  File "D:\Learning_tools\python_new_3.14.5\Lib\http\server.py", line 739, in do_GET
    self.copyfile(f, self.wfile)
    ~~~~~~~~~~~~~^^^^^^^^^^^^^^^
  File "D:\Learning_tools\python_new_3.14.5\Lib\http\server.py", line 942, in copyfile
    shutil.copyfileobj(source, outputfile)
    ~~~~~~~~~~~~~~~~~~^^^^^^^^^^^^^^^^^^^^
  File "D:\Learning_tools\python_new_3.14.5\Lib\shutil.py", line 257, in copyfileobj
    fdst_write(buf)
    ~~~~~~~~~~^^^^^
  File "D:\Learning_tools\python_new_3.14.5\Lib\socketserver.py", line 845, in write
    self._sock.sendall(b)
    ~~~~~~~~~~~~~~~~~~^^^
ConnectionResetError: [WinError 10054] 远程主机强迫关闭了一个现有的连接。
----------------------------------------
::1 - - [23/Aug/2026 17:20:18] "GET /pages/map.html HTTP/1.1" 304 -
::1 - - [23/Aug/2026 17:20:18] "GET /js/pages/map.js?v=20260823a HTTP/1.1" 200 -
::1 - - [23/Aug/2026 17:20:18] "GET /assets/bg/scene3.mp4 HTTP/1.1" 200 -
::1 - - [23/Aug/2026 17:20:18] "GET /assets/bg/scene3.mp4 HTTP/1.1" 200 -
----------------------------------------
Exception occurred during processing of request from ('::1', 53377, 0, 0)
Traceback (most recent call last):
  File "D:\Learning_tools\python_new_3.14.5\Lib\socketserver.py", line 697, in process_request_thread
    self.finish_request(request, client_address)
    ~~~~~~~~~~~~~~~~~~~^^^^^^^^^^^^^^^^^^^^^^^^^
  File "D:\Learning_tools\python_new_3.14.5\Lib\http\server.py", line 1422, in finish_request
    self.RequestHandlerClass(request, client_address, self,
    ~~~~~~~~~~~~~~~~~~~~~~~~^^^^^^^^^^^^^^^^^^^^^^^^^^^^^^^
                             directory=args.directory)
                             ^^^^^^^^^^^^^^^^^^^^^^^^^
  File "D:\Learning_tools\python_new_3.14.5\Lib\http\server.py", line 732, in __init__
    super().__init__(*args, **kwargs)
    ~~~~~~~~~~~~~~~~^^^^^^^^^^^^^^^^^
  File "D:\Learning_tools\python_new_3.14.5\Lib\socketserver.py", line 766, in __init__
    self.handle()
    ~~~~~~~~~~~^^
  File "D:\Learning_tools\python_new_3.14.5\Lib\http\server.py", line 496, in handle
    self.handle_one_request()
    ~~~~~~~~~~~~~~~~~~~~~~~^^
  File "D:\Learning_tools\python_new_3.14.5\Lib\http\server.py", line 484, in handle_one_request
    method()
    ~~~~~~^^
  File "D:\Learning_tools\python_new_3.14.5\Lib\http\server.py", line 739, in do_GET
    self.copyfile(f, self.wfile)
    ~~~~~~~~~~~~~^^^^^^^^^^^^^^^
  File "D:\Learning_tools\python_new_3.14.5\Lib\http\server.py", line 942, in copyfile
    shutil.copyfileobj(source, outputfile)
    ~~~~~~~~~~~~~~~~~~^^^^^^^^^^^^^^^^^^^^
  File "D:\Learning_tools\python_new_3.14.5\Lib\shutil.py", line 257, in copyfileobj
    fdst_write(buf)
    ~~~~~~~~~~^^^^^
  File "D:\Learning_tools\python_new_3.14.5\Lib\socketserver.py", line 845, in write
    self._sock.sendall(b)
    ~~~~~~~~~~~~~~~~~~^^^
ConnectionResetError: [WinError 10054] 远程主机强迫关闭了一个现有的连接。
----------------------------------------
::1 - - [23/Aug/2026 17:20:38] "GET /pages/map.html HTTP/1.1" 304 -
::1 - - [23/Aug/2026 17:20:38] "GET /js/pages/map.js?v=20260823a HTTP/1.1" 304 -
::1 - - [23/Aug/2026 17:20:39] "GET /assets/bg/scene3.mp4 HTTP/1.1" 200 -
::1 - - [23/Aug/2026 17:20:39] "GET /assets/bg/scene3.mp4 HTTP/1.1" 200 -
----------------------------------------
Exception occurred during processing of request from ('::1', 52196, 0, 0)
Traceback (most recent call last):
  File "D:\Learning_tools\python_new_3.14.5\Lib\socketserver.py", line 697, in process_request_thread
    self.finish_request(request, client_address)
    ~~~~~~~~~~~~~~~~~~~^^^^^^^^^^^^^^^^^^^^^^^^^
  File "D:\Learning_tools\python_new_3.14.5\Lib\http\server.py", line 1422, in finish_request
    self.RequestHandlerClass(request, client_address, self,
    ~~~~~~~~~~~~~~~~~~~~~~~~^^^^^^^^^^^^^^^^^^^^^^^^^^^^^^^
                             directory=args.directory)
                             ^^^^^^^^^^^^^^^^^^^^^^^^^
  File "D:\Learning_tools\python_new_3.14.5\Lib\http\server.py", line 732, in __init__
    super().__init__(*args, **kwargs)
    ~~~~~~~~~~~~~~~~^^^^^^^^^^^^^^^^^
  File "D:\Learning_tools\python_new_3.14.5\Lib\socketserver.py", line 766, in __init__
    self.handle()
    ~~~~~~~~~~~^^
  File "D:\Learning_tools\python_new_3.14.5\Lib\http\server.py", line 496, in handle
    self.handle_one_request()
    ~~~~~~~~~~~~~~~~~~~~~~~^^
  File "D:\Learning_tools\python_new_3.14.5\Lib\http\server.py", line 484, in handle_one_request
    method()
    ~~~~~~^^
  File "D:\Learning_tools\python_new_3.14.5\Lib\http\server.py", line 739, in do_GET
    self.copyfile(f, self.wfile)
    ~~~~~~~~~~~~~^^^^^^^^^^^^^^^
  File "D:\Learning_tools\python_new_3.14.5\Lib\http\server.py", line 942, in copyfile
    shutil.copyfileobj(source, outputfile)
    ~~~~~~~~~~~~~~~~~~^^^^^^^^^^^^^^^^^^^^
  File "D:\Learning_tools\python_new_3.14.5\Lib\shutil.py", line 257, in copyfileobj
    fdst_write(buf)
    ~~~~~~~~~~^^^^^
  File "D:\Learning_tools\python_new_3.14.5\Lib\socketserver.py", line 845, in write
    self._sock.sendall(b)
    ~~~~~~~~~~~~~~~~~~^^^
ConnectionResetError: [WinError 10054] 远程主机强迫关闭了一个现有的连接。
----------------------------------------
::1 - - [23/Aug/2026 17:20:54] "GET /pages/map.html HTTP/1.1" 304 -
::1 - - [23/Aug/2026 17:20:55] "GET /js/pages/map.js?v=20260823a HTTP/1.1" 304 -
::1 - - [23/Aug/2026 17:20:55] "GET /assets/bg/scene3.mp4 HTTP/1.1" 200 -
::1 - - [23/Aug/2026 17:20:55] "GET /assets/bg/scene3.mp4 HTTP/1.1" 200 -
::1 - - [23/Aug/2026 17:21:10] "GET /pages/map.html HTTP/1.1" 304 -
::1 - - [23/Aug/2026 17:21:10] "GET /js/pages/map.js?v=20260823a HTTP/1.1" 304 -
::1 - - [23/Aug/2026 17:21:10] "GET /assets/bg/scene3.mp4 HTTP/1.1" 200 -
::1 - - [23/Aug/2026 17:21:10] "GET /assets/bg/scene3.mp4 HTTP/1.1" 200 -
----------------------------------------
Exception occurred during processing of request from ('::1', 64879, 0, 0)
Traceback (most recent call last):
  File "D:\Learning_tools\python_new_3.14.5\Lib\socketserver.py", line 697, in process_request_thread
    self.finish_request(request, client_address)
    ~~~~~~~~~~~~~~~~~~~^^^^^^^^^^^^^^^^^^^^^^^^^
  File "D:\Learning_tools\python_new_3.14.5\Lib\http\server.py", line 1422, in finish_request
    self.RequestHandlerClass(request, client_address, self,
    ~~~~~~~~~~~~~~~~~~~~~~~~^^^^^^^^^^^^^^^^^^^^^^^^^^^^^^^
                             directory=args.directory)
                             ^^^^^^^^^^^^^^^^^^^^^^^^^
  File "D:\Learning_tools\python_new_3.14.5\Lib\http\server.py", line 732, in __init__
    super().__init__(*args, **kwargs)
    ~~~~~~~~~~~~~~~~^^^^^^^^^^^^^^^^^
  File "D:\Learning_tools\python_new_3.14.5\Lib\socketserver.py", line 766, in __init__
    self.handle()
    ~~~~~~~~~~~^^
  File "D:\Learning_tools\python_new_3.14.5\Lib\http\server.py", line 496, in handle
    self.handle_one_request()
    ~~~~~~~~~~~~~~~~~~~~~~~^^
  File "D:\Learning_tools\python_new_3.14.5\Lib\http\server.py", line 484, in handle_one_request
    method()
    ~~~~~~^^
  File "D:\Learning_tools\python_new_3.14.5\Lib\http\server.py", line 739, in do_GET
    self.copyfile(f, self.wfile)
    ~~~~~~~~~~~~~^^^^^^^^^^^^^^^
  File "D:\Learning_tools\python_new_3.14.5\Lib\http\server.py", line 942, in copyfile
    shutil.copyfileobj(source, outputfile)
    ~~~~~~~~~~~~~~~~~~^^^^^^^^^^^^^^^^^^^^
  File "D:\Learning_tools\python_new_3.14.5\Lib\shutil.py", line 257, in copyfileobj
    fdst_write(buf)
    ~~~~~~~~~~^^^^^
  File "D:\Learning_tools\python_new_3.14.5\Lib\socketserver.py", line 845, in write
    self._sock.sendall(b)
    ~~~~~~~~~~~~~~~~~~^^^
ConnectionResetError: [WinError 10054] 远程主机强迫关闭了一个现有的连接。
----------------------------------------
::1 - - [23/Aug/2026 17:21:34] "GET /pages/map.html HTTP/1.1" 304 -
::1 - - [23/Aug/2026 17:21:34] "GET /js/pages/map.js?v=20260823a HTTP/1.1" 304 -
::1 - - [23/Aug/2026 17:21:34] "GET /assets/bg/scene3.mp4 HTTP/1.1" 200 -
::1 - - [23/Aug/2026 17:21:34] "GET /assets/bg/scene3.mp4 HTTP/1.1" 200 -
----------------------------------------
Exception occurred during processing of request from ('::1', 51766, 0, 0)
Traceback (most recent call last):
  File "D:\Learning_tools\python_new_3.14.5\Lib\socketserver.py", line 697, in process_request_thread
    self.finish_request(request, client_address)
    ~~~~~~~~~~~~~~~~~~~^^^^^^^^^^^^^^^^^^^^^^^^^
  File "D:\Learning_tools\python_new_3.14.5\Lib\http\server.py", line 1422, in finish_request
    self.RequestHandlerClass(request, client_address, self,
    ~~~~~~~~~~~~~~~~~~~~~~~~^^^^^^^^^^^^^^^^^^^^^^^^^^^^^^^
                             directory=args.directory)
                             ^^^^^^^^^^^^^^^^^^^^^^^^^
  File "D:\Learning_tools\python_new_3.14.5\Lib\http\server.py", line 732, in __init__
    super().__init__(*args, **kwargs)
    ~~~~~~~~~~~~~~~~^^^^^^^^^^^^^^^^^
  File "D:\Learning_tools\python_new_3.14.5\Lib\socketserver.py", line 766, in __init__
    self.handle()
    ~~~~~~~~~~~^^
  File "D:\Learning_tools\python_new_3.14.5\Lib\http\server.py", line 496, in handle
    self.handle_one_request()
    ~~~~~~~~~~~~~~~~~~~~~~~^^
  File "D:\Learning_tools\python_new_3.14.5\Lib\http\server.py", line 484, in handle_one_request
    method()
    ~~~~~~^^
  File "D:\Learning_tools\python_new_3.14.5\Lib\http\server.py", line 739, in do_GET
    self.copyfile(f, self.wfile)
    ~~~~~~~~~~~~~^^^^^^^^^^^^^^^
  File "D:\Learning_tools\python_new_3.14.5\Lib\http\server.py", line 942, in copyfile
    shutil.copyfileobj(source, outputfile)
    ~~~~~~~~~~~~~~~~~~^^^^^^^^^^^^^^^^^^^^
  File "D:\Learning_tools\python_new_3.14.5\Lib\shutil.py", line 257, in copyfileobj
    fdst_write(buf)
    ~~~~~~~~~~^^^^^
  File "D:\Learning_tools\python_new_3.14.5\Lib\socketserver.py", line 845, in write
    self._sock.sendall(b)
    ~~~~~~~~~~~~~~~~~~^^^
ConnectionResetError: [WinError 10054] 远程主机强迫关闭了一个现有的连接。
----------------------------------------
::1 - - [23/Aug/2026 17:22:37] "GET /pages/map.html?v=20260823f HTTP/1.1" 200 -
::1 - - [23/Aug/2026 17:22:37] "GET /css/tokens.css HTTP/1.1" 200 -
::1 - - [23/Aug/2026 17:22:37] "GET /css/shell.css HTTP/1.1" 200 -
::1 - - [23/Aug/2026 17:22:37] "GET /css/components.css HTTP/1.1" 200 -
::1 - - [23/Aug/2026 17:22:37] "GET /css/legacy-views.css HTTP/1.1" 200 -
::1 - - [23/Aug/2026 17:22:37] "GET /js/api.js?v=20260823a HTTP/1.1" 200 -
::1 - - [23/Aug/2026 17:22:37] "GET /js/runtime-core.js?v=20260823a HTTP/1.1" 200 -
::1 - - [23/Aug/2026 17:22:37] "GET /js/cinema-bg.js?v=20260823a HTTP/1.1" 200 -
::1 - - [23/Aug/2026 17:22:37] "GET /js/cinema-music.js?v=20260823a HTTP/1.1" 200 -
::1 - - [23/Aug/2026 17:22:37] "GET /js/shell.js?v=20260823a HTTP/1.1" 200 -
::1 - - [23/Aug/2026 17:22:37] "GET /js/pages/map.js?v=20260823a HTTP/1.1" 200 -
::1 - - [23/Aug/2026 17:22:44] "GET /assets/brand/logo.png HTTP/1.1" 200 -
::1 - - [23/Aug/2026 17:22:44] "GET /assets/bg/scene3.mp4 HTTP/1.1" 200 -
::1 - - [23/Aug/2026 17:22:44] "GET /assets/bg/scene3.mp4 HTTP/1.1" 200 -
----------------------------------------
Exception occurred during processing of request from ('::1', 60631, 0, 0)
Traceback (most recent call last):
  File "D:\Learning_tools\python_new_3.14.5\Lib\socketserver.py", line 697, in process_request_thread
    self.finish_request(request, client_address)
    ~~~~~~~~~~~~~~~~~~~^^^^^^^^^^^^^^^^^^^^^^^^^
  File "D:\Learning_tools\python_new_3.14.5\Lib\http\server.py", line 1422, in finish_request
    self.RequestHandlerClass(request, client_address, self,
    ~~~~~~~~~~~~~~~~~~~~~~~~^^^^^^^^^^^^^^^^^^^^^^^^^^^^^^^
                             directory=args.directory)
                             ^^^^^^^^^^^^^^^^^^^^^^^^^
  File "D:\Learning_tools\python_new_3.14.5\Lib\http\server.py", line 732, in __init__
    super().__init__(*args, **kwargs)
    ~~~~~~~~~~~~~~~~^^^^^^^^^^^^^^^^^
  File "D:\Learning_tools\python_new_3.14.5\Lib\socketserver.py", line 766, in __init__
    self.handle()
    ~~~~~~~~~~~^^
  File "D:\Learning_tools\python_new_3.14.5\Lib\http\server.py", line 496, in handle
    self.handle_one_request()
    ~~~~~~~~~~~~~~~~~~~~~~~^^
  File "D:\Learning_tools\python_new_3.14.5\Lib\http\server.py", line 484, in handle_one_request
    method()
    ~~~~~~^^
  File "D:\Learning_tools\python_new_3.14.5\Lib\http\server.py", line 739, in do_GET
    self.copyfile(f, self.wfile)
    ~~~~~~~~~~~~~^^^^^^^^^^^^^^^
  File "D:\Learning_tools\python_new_3.14.5\Lib\http\server.py", line 942, in copyfile
    shutil.copyfileobj(source, outputfile)
    ~~~~~~~~~~~~~~~~~~^^^^^^^^^^^^^^^^^^^^
  File "D:\Learning_tools\python_new_3.14.5\Lib\shutil.py", line 257, in copyfileobj
    fdst_write(buf)
    ~~~~~~~~~~^^^^^
  File "D:\Learning_tools\python_new_3.14.5\Lib\socketserver.py", line 845, in write
    self._sock.sendall(b)
    ~~~~~~~~~~~~~~~~~~^^^
ConnectionResetError: [WinError 10054] 远程主机强迫关闭了一个现有的连接。
----------------------------------------
::1 - - [23/Aug/2026 17:22:45] "GET /assets/china-geo.json HTTP/1.1" 200 -
::1 - - [23/Aug/2026 17:23:18] "GET /pages/map.html?v=20260823f HTTP/1.1" 200 -
::1 - - [23/Aug/2026 17:23:18] "GET /css/tokens.css HTTP/1.1" 200 -
::1 - - [23/Aug/2026 17:23:18] "GET /css/shell.css HTTP/1.1" 200 -
::1 - - [23/Aug/2026 17:23:18] "GET /css/legacy-views.css HTTP/1.1" 200 -
::1 - - [23/Aug/2026 17:23:18] "GET /css/components.css HTTP/1.1" 200 -
::1 - - [23/Aug/2026 17:23:18] "GET /js/runtime-core.js?v=20260823a HTTP/1.1" 200 -
::1 - - [23/Aug/2026 17:23:18] "GET /js/api.js?v=20260823a HTTP/1.1" 200 -
::1 - - [23/Aug/2026 17:23:18] "GET /js/cinema-bg.js?v=20260823a HTTP/1.1" 200 -
::1 - - [23/Aug/2026 17:23:18] "GET /js/cinema-music.js?v=20260823a HTTP/1.1" 200 -
::1 - - [23/Aug/2026 17:23:18] "GET /js/pages/map.js?v=20260823a HTTP/1.1" 200 -
::1 - - [23/Aug/2026 17:23:18] "GET /js/shell.js?v=20260823a HTTP/1.1" 200 -
::1 - - [23/Aug/2026 17:23:27] "GET /assets/brand/logo.png HTTP/1.1" 200 -
::1 - - [23/Aug/2026 17:23:27] "GET /assets/bg/scene3.mp4 HTTP/1.1" 200 -
::1 - - [23/Aug/2026 17:23:27] "GET /assets/bg/scene3.mp4 HTTP/1.1" 200 -
----------------------------------------
Exception occurred during processing of request from ('::1', 51610, 0, 0)
Traceback (most recent call last):
  File "D:\Learning_tools\python_new_3.14.5\Lib\socketserver.py", line 697, in process_request_thread
    self.finish_request(request, client_address)
    ~~~~~~~~~~~~~~~~~~~^^^^^^^^^^^^^^^^^^^^^^^^^
  File "D:\Learning_tools\python_new_3.14.5\Lib\http\server.py", line 1422, in finish_request
    self.RequestHandlerClass(request, client_address, self,
    ~~~~~~~~~~~~~~~~~~~~~~~~^^^^^^^^^^^^^^^^^^^^^^^^^^^^^^^
                             directory=args.directory)
                             ^^^^^^^^^^^^^^^^^^^^^^^^^
  File "D:\Learning_tools\python_new_3.14.5\Lib\http\server.py", line 732, in __init__
    super().__init__(*args, **kwargs)
    ~~~~~~~~~~~~~~~~^^^^^^^^^^^^^^^^^
  File "D:\Learning_tools\python_new_3.14.5\Lib\socketserver.py", line 766, in __init__
    self.handle()
    ~~~~~~~~~~~^^
  File "D:\Learning_tools\python_new_3.14.5\Lib\http\server.py", line 496, in handle
    self.handle_one_request()
    ~~~~~~~~~~~~~~~~~~~~~~~^^
  File "D:\Learning_tools\python_new_3.14.5\Lib\http\server.py", line 484, in handle_one_request
    method()
    ~~~~~~^^
  File "D:\Learning_tools\python_new_3.14.5\Lib\http\server.py", line 739, in do_GET
    self.copyfile(f, self.wfile)
    ~~~~~~~~~~~~~^^^^^^^^^^^^^^^
  File "D:\Learning_tools\python_new_3.14.5\Lib\http\server.py", line 942, in copyfile
    shutil.copyfileobj(source, outputfile)
    ~~~~~~~~~~~~~~~~~~^^^^^^^^^^^^^^^^^^^^
  File "D:\Learning_tools\python_new_3.14.5\Lib\shutil.py", line 257, in copyfileobj
    fdst_write(buf)
    ~~~~~~~~~~^^^^^
  File "D:\Learning_tools\python_new_3.14.5\Lib\socketserver.py", line 845, in write
    self._sock.sendall(b)
    ~~~~~~~~~~~~~~~~~~^^^
ConnectionResetError: [WinError 10054] 远程主机强迫关闭了一个现有的连接。
----------------------------------------
::1 - - [23/Aug/2026 17:23:28] "GET /assets/china-geo.json HTTP/1.1" 200 -
::1 - - [23/Aug/2026 17:24:26] "GET /pages/map.html?v=20260823f HTTP/1.1" 200 -
::1 - - [23/Aug/2026 17:24:26] "GET /css/tokens.css HTTP/1.1" 200 -
::1 - - [23/Aug/2026 17:24:26] "GET /css/shell.css HTTP/1.1" 200 -
::1 - - [23/Aug/2026 17:24:26] "GET /css/components.css HTTP/1.1" 200 -
::1 - - [23/Aug/2026 17:24:26] "GET /css/legacy-views.css HTTP/1.1" 200 -
::1 - - [23/Aug/2026 17:24:26] "GET /js/api.js?v=20260823a HTTP/1.1" 200 -
::1 - - [23/Aug/2026 17:24:26] "GET /js/runtime-core.js?v=20260823a HTTP/1.1" 200 -
::1 - - [23/Aug/2026 17:24:26] "GET /js/cinema-bg.js?v=20260823a HTTP/1.1" 200 -
::1 - - [23/Aug/2026 17:24:26] "GET /js/cinema-music.js?v=20260823a HTTP/1.1" 200 -
::1 - - [23/Aug/2026 17:24:26] "GET /js/shell.js?v=20260823a HTTP/1.1" 200 -
::1 - - [23/Aug/2026 17:24:26] "GET /js/pages/map.js?v=20260823a HTTP/1.1" 200 -
::1 - - [23/Aug/2026 17:24:35] "GET /assets/brand/logo.png HTTP/1.1" 200 -
::1 - - [23/Aug/2026 17:24:35] "GET /assets/bg/scene3.mp4 HTTP/1.1" 200 -
::1 - - [23/Aug/2026 17:24:35] "GET /assets/bg/scene3.mp4 HTTP/1.1" 200 -
----------------------------------------
Exception occurred during processing of request from ('::1', 55390, 0, 0)
Traceback (most recent call last):
  File "D:\Learning_tools\python_new_3.14.5\Lib\socketserver.py", line 697, in process_request_thread
    self.finish_request(request, client_address)
    ~~~~~~~~~~~~~~~~~~~^^^^^^^^^^^^^^^^^^^^^^^^^
  File "D:\Learning_tools\python_new_3.14.5\Lib\http\server.py", line 1422, in finish_request
    self.RequestHandlerClass(request, client_address, self,
    ~~~~~~~~~~~~~~~~~~~~~~~~^^^^^^^^^^^^^^^^^^^^^^^^^^^^^^^
                             directory=args.directory)
                             ^^^^^^^^^^^^^^^^^^^^^^^^^
  File "D:\Learning_tools\python_new_3.14.5\Lib\http\server.py", line 732, in __init__
    super().__init__(*args, **kwargs)
    ~~~~~~~~~~~~~~~~^^^^^^^^^^^^^^^^^
  File "D:\Learning_tools\python_new_3.14.5\Lib\socketserver.py", line 766, in __init__
    self.handle()
    ~~~~~~~~~~~^^
  File "D:\Learning_tools\python_new_3.14.5\Lib\http\server.py", line 496, in handle
    self.handle_one_request()
    ~~~~~~~~~~~~~~~~~~~~~~~^^
  File "D:\Learning_tools\python_new_3.14.5\Lib\http\server.py", line 484, in handle_one_request
    method()
    ~~~~~~^^
  File "D:\Learning_tools\python_new_3.14.5\Lib\http\server.py", line 739, in do_GET
    self.copyfile(f, self.wfile)
    ~~~~~~~~~~~~~^^^^^^^^^^^^^^^
  File "D:\Learning_tools\python_new_3.14.5\Lib\http\server.py", line 942, in copyfile
    shutil.copyfileobj(source, outputfile)
    ~~~~~~~~~~~~~~~~~~^^^^^^^^^^^^^^^^^^^^
  File "D:\Learning_tools\python_new_3.14.5\Lib\shutil.py", line 257, in copyfileobj
    fdst_write(buf)
    ~~~~~~~~~~^^^^^
  File "D:\Learning_tools\python_new_3.14.5\Lib\socketserver.py", line 845, in write
    self._sock.sendall(b)
    ~~~~~~~~~~~~~~~~~~^^^
ConnectionResetError: [WinError 10054] 远程主机强迫关闭了一个现有的连接。
----------------------------------------
::1 - - [23/Aug/2026 17:24:36] "GET /assets/china-geo.json HTTP/1.1" 200 -
::1 - - [23/Aug/2026 17:25:44] "GET /pages/map.html?v=20260823f HTTP/1.1" 200 -
::1 - - [23/Aug/2026 17:25:44] "GET /css/tokens.css HTTP/1.1" 200 -
::1 - - [23/Aug/2026 17:25:44] "GET /css/shell.css HTTP/1.1" 200 -
::1 - - [23/Aug/2026 17:25:44] "GET /css/components.css HTTP/1.1" 200 -
::1 - - [23/Aug/2026 17:25:44] "GET /css/legacy-views.css HTTP/1.1" 200 -
::1 - - [23/Aug/2026 17:25:44] "GET /js/api.js?v=20260823a HTTP/1.1" 200 -
::1 - - [23/Aug/2026 17:25:44] "GET /js/cinema-bg.js?v=20260823a HTTP/1.1" 200 -
::1 - - [23/Aug/2026 17:25:44] "GET /js/shell.js?v=20260823a HTTP/1.1" 200 -
::1 - - [23/Aug/2026 17:25:44] "GET /js/cinema-music.js?v=20260823a HTTP/1.1" 200 -
::1 - - [23/Aug/2026 17:25:44] "GET /js/runtime-core.js?v=20260823a HTTP/1.1" 200 -
::1 - - [23/Aug/2026 17:25:44] "GET /js/pages/map.js?v=20260823a HTTP/1.1" 200 -
::1 - - [23/Aug/2026 17:25:51] "GET /assets/brand/logo.png HTTP/1.1" 200 -
::1 - - [23/Aug/2026 17:25:51] "GET /assets/bg/scene3.mp4 HTTP/1.1" 200 -
::1 - - [23/Aug/2026 17:25:51] "GET /assets/bg/scene3.mp4 HTTP/1.1" 200 -
----------------------------------------
Exception occurred during processing of request from ('::1', 62843, 0, 0)
Traceback (most recent call last):
  File "D:\Learning_tools\python_new_3.14.5\Lib\socketserver.py", line 697, in process_request_thread
    self.finish_request(request, client_address)
    ~~~~~~~~~~~~~~~~~~~^^^^^^^^^^^^^^^^^^^^^^^^^
  File "D:\Learning_tools\python_new_3.14.5\Lib\http\server.py", line 1422, in finish_request
    self.RequestHandlerClass(request, client_address, self,
    ~~~~~~~~~~~~~~~~~~~~~~~~^^^^^^^^^^^^^^^^^^^^^^^^^^^^^^^
                             directory=args.directory)
                             ^^^^^^^^^^^^^^^^^^^^^^^^^
  File "D:\Learning_tools\python_new_3.14.5\Lib\http\server.py", line 732, in __init__
    super().__init__(*args, **kwargs)
    ~~~~~~~~~~~~~~~~^^^^^^^^^^^^^^^^^
  File "D:\Learning_tools\python_new_3.14.5\Lib\socketserver.py", line 766, in __init__
    self.handle()
    ~~~~~~~~~~~^^
  File "D:\Learning_tools\python_new_3.14.5\Lib\http\server.py", line 496, in handle
    self.handle_one_request()
    ~~~~~~~~~~~~~~~~~~~~~~~^^
  File "D:\Learning_tools\python_new_3.14.5\Lib\http\server.py", line 484, in handle_one_request
    method()
    ~~~~~~^^
  File "D:\Learning_tools\python_new_3.14.5\Lib\http\server.py", line 739, in do_GET
    self.copyfile(f, self.wfile)
    ~~~~~~~~~~~~~^^^^^^^^^^^^^^^
  File "D:\Learning_tools\python_new_3.14.5\Lib\http\server.py", line 942, in copyfile
    shutil.copyfileobj(source, outputfile)
    ~~~~~~~~~~~~~~~~~~^^^^^^^^^^^^^^^^^^^^
  File "D:\Learning_tools\python_new_3.14.5\Lib\shutil.py", line 257, in copyfileobj
    fdst_write(buf)
    ~~~~~~~~~~^^^^^
  File "D:\Learning_tools\python_new_3.14.5\Lib\socketserver.py", line 845, in write
    self._sock.sendall(b)
    ~~~~~~~~~~~~~~~~~~^^^
ConnectionResetError: [WinError 10054] 远程主机强迫关闭了一个现有的连接。
----------------------------------------
::1 - - [23/Aug/2026 17:25:52] "GET /assets/china-geo.json HTTP/1.1" 200 -
::1 - - [23/Aug/2026 17:26:42] "GET /pages/map.html?v=20260823f HTTP/1.1" 200 -
::1 - - [23/Aug/2026 17:26:42] "GET /css/tokens.css HTTP/1.1" 200 -
::1 - - [23/Aug/2026 17:26:42] "GET /css/shell.css HTTP/1.1" 200 -
::1 - - [23/Aug/2026 17:26:42] "GET /css/legacy-views.css HTTP/1.1" 200 -
::1 - - [23/Aug/2026 17:26:42] "GET /css/components.css HTTP/1.1" 200 -
::1 - - [23/Aug/2026 17:26:42] "GET /js/runtime-core.js?v=20260823a HTTP/1.1" 200 -
::1 - - [23/Aug/2026 17:26:42] "GET /js/api.js?v=20260823a HTTP/1.1" 200 -
::1 - - [23/Aug/2026 17:26:42] "GET /js/cinema-bg.js?v=20260823a HTTP/1.1" 200 -
::1 - - [23/Aug/2026 17:26:42] "GET /js/cinema-music.js?v=20260823a HTTP/1.1" 200 -
::1 - - [23/Aug/2026 17:26:42] "GET /js/shell.js?v=20260823a HTTP/1.1" 200 -
::1 - - [23/Aug/2026 17:26:42] "GET /js/pages/map.js?v=20260823a HTTP/1.1" 200 -
::1 - - [23/Aug/2026 17:26:47] "GET /assets/brand/logo.png HTTP/1.1" 200 -
::1 - - [23/Aug/2026 17:26:47] "GET /assets/bg/scene3.mp4 HTTP/1.1" 200 -
::1 - - [23/Aug/2026 17:26:47] "GET /assets/bg/scene3.mp4 HTTP/1.1" 200 -
----------------------------------------
Exception occurred during processing of request from ('::1', 63178, 0, 0)
Traceback (most recent call last):
  File "D:\Learning_tools\python_new_3.14.5\Lib\socketserver.py", line 697, in process_request_thread
    self.finish_request(request, client_address)
    ~~~~~~~~~~~~~~~~~~~^^^^^^^^^^^^^^^^^^^^^^^^^
  File "D:\Learning_tools\python_new_3.14.5\Lib\http\server.py", line 1422, in finish_request
    self.RequestHandlerClass(request, client_address, self,
    ~~~~~~~~~~~~~~~~~~~~~~~~^^^^^^^^^^^^^^^^^^^^^^^^^^^^^^^
                             directory=args.directory)
                             ^^^^^^^^^^^^^^^^^^^^^^^^^
  File "D:\Learning_tools\python_new_3.14.5\Lib\http\server.py", line 732, in __init__
    super().__init__(*args, **kwargs)
    ~~~~~~~~~~~~~~~~^^^^^^^^^^^^^^^^^
  File "D:\Learning_tools\python_new_3.14.5\Lib\socketserver.py", line 766, in __init__
    self.handle()
    ~~~~~~~~~~~^^
  File "D:\Learning_tools\python_new_3.14.5\Lib\http\server.py", line 496, in handle
    self.handle_one_request()
    ~~~~~~~~~~~~~~~~~~~~~~~^^
  File "D:\Learning_tools\python_new_3.14.5\Lib\http\server.py", line 484, in handle_one_request
    method()
    ~~~~~~^^
  File "D:\Learning_tools\python_new_3.14.5\Lib\http\server.py", line 739, in do_GET
    self.copyfile(f, self.wfile)
    ~~~~~~~~~~~~~^^^^^^^^^^^^^^^
  File "D:\Learning_tools\python_new_3.14.5\Lib\http\server.py", line 942, in copyfile
    shutil.copyfileobj(source, outputfile)
    ~~~~~~~~~~~~~~~~~~^^^^^^^^^^^^^^^^^^^^
  File "D:\Learning_tools\python_new_3.14.5\Lib\shutil.py", line 257, in copyfileobj
    fdst_write(buf)
    ~~~~~~~~~~^^^^^
  File "D:\Learning_tools\python_new_3.14.5\Lib\socketserver.py", line 845, in write
    self._sock.sendall(b)
    ~~~~~~~~~~~~~~~~~~^^^
ConnectionResetError: [WinError 10054] 远程主机强迫关闭了一个现有的连接。
----------------------------------------
::1 - - [23/Aug/2026 17:26:48] "GET /assets/china-geo.json HTTP/1.1" 200 -
::1 - - [23/Aug/2026 17:28:23] "GET /pages/map.html?v=20260823f HTTP/1.1" 200 -
::1 - - [23/Aug/2026 17:28:23] "GET /css/tokens.css HTTP/1.1" 200 -
::1 - - [23/Aug/2026 17:28:23] "GET /css/shell.css HTTP/1.1" 200 -
::1 - - [23/Aug/2026 17:28:23] "GET /css/components.css HTTP/1.1" 200 -
::1 - - [23/Aug/2026 17:28:23] "GET /css/legacy-views.css HTTP/1.1" 200 -
::1 - - [23/Aug/2026 17:28:23] "GET /js/api.js?v=20260823a HTTP/1.1" 200 -
::1 - - [23/Aug/2026 17:28:23] "GET /js/cinema-bg.js?v=20260823a HTTP/1.1" 200 -
::1 - - [23/Aug/2026 17:28:23] "GET /js/runtime-core.js?v=20260823a HTTP/1.1" 200 -
::1 - - [23/Aug/2026 17:28:23] "GET /js/cinema-music.js?v=20260823a HTTP/1.1" 200 -
::1 - - [23/Aug/2026 17:28:23] "GET /js/pages/map.js?v=20260823a HTTP/1.1" 200 -
::1 - - [23/Aug/2026 17:28:23] "GET /js/shell.js?v=20260823a HTTP/1.1" 200 -
::1 - - [23/Aug/2026 17:28:30] "GET /assets/brand/logo.png HTTP/1.1" 200 -
::1 - - [23/Aug/2026 17:28:30] "GET /assets/bg/scene3.mp4 HTTP/1.1" 200 -
::1 - - [23/Aug/2026 17:28:30] "GET /assets/bg/scene3.mp4 HTTP/1.1" 200 -
----------------------------------------
Exception occurred during processing of request from ('::1', 54331, 0, 0)
Traceback (most recent call last):
  File "D:\Learning_tools\python_new_3.14.5\Lib\socketserver.py", line 697, in process_request_thread
    self.finish_request(request, client_address)
    ~~~~~~~~~~~~~~~~~~~^^^^^^^^^^^^^^^^^^^^^^^^^
  File "D:\Learning_tools\python_new_3.14.5\Lib\http\server.py", line 1422, in finish_request
    self.RequestHandlerClass(request, client_address, self,
    ~~~~~~~~~~~~~~~~~~~~~~~~^^^^^^^^^^^^^^^^^^^^^^^^^^^^^^^
                             directory=args.directory)
                             ^^^^^^^^^^^^^^^^^^^^^^^^^
  File "D:\Learning_tools\python_new_3.14.5\Lib\http\server.py", line 732, in __init__
    super().__init__(*args, **kwargs)
    ~~~~~~~~~~~~~~~~^^^^^^^^^^^^^^^^^
  File "D:\Learning_tools\python_new_3.14.5\Lib\socketserver.py", line 766, in __init__
    self.handle()
    ~~~~~~~~~~~^^
  File "D:\Learning_tools\python_new_3.14.5\Lib\http\server.py", line 496, in handle
    self.handle_one_request()
    ~~~~~~~~~~~~~~~~~~~~~~~^^
  File "D:\Learning_tools\python_new_3.14.5\Lib\http\server.py", line 484, in handle_one_request
    method()
    ~~~~~~^^
  File "D:\Learning_tools\python_new_3.14.5\Lib\http\server.py", line 739, in do_GET
    self.copyfile(f, self.wfile)
    ~~~~~~~~~~~~~^^^^^^^^^^^^^^^
  File "D:\Learning_tools\python_new_3.14.5\Lib\http\server.py", line 942, in copyfile
    shutil.copyfileobj(source, outputfile)
    ~~~~~~~~~~~~~~~~~~^^^^^^^^^^^^^^^^^^^^
  File "D:\Learning_tools\python_new_3.14.5\Lib\shutil.py", line 257, in copyfileobj
    fdst_write(buf)
    ~~~~~~~~~~^^^^^
  File "D:\Learning_tools\python_new_3.14.5\Lib\socketserver.py", line 845, in write
    self._sock.sendall(b)
    ~~~~~~~~~~~~~~~~~~^^^
ConnectionResetError: [WinError 10054] 远程主机强迫关闭了一个现有的连接。
----------------------------------------
::1 - - [23/Aug/2026 17:28:31] "GET /assets/china-geo.json HTTP/1.1" 200 -
::1 - - [23/Aug/2026 17:30:03] "GET /pages/map.html?v=20260823f HTTP/1.1" 200 -
::1 - - [23/Aug/2026 17:30:03] "GET /css/tokens.css HTTP/1.1" 200 -
::1 - - [23/Aug/2026 17:30:03] "GET /css/shell.css HTTP/1.1" 200 -
::1 - - [23/Aug/2026 17:30:03] "GET /css/components.css HTTP/1.1" 200 -
::1 - - [23/Aug/2026 17:30:03] "GET /css/legacy-views.css HTTP/1.1" 200 -
::1 - - [23/Aug/2026 17:30:03] "GET /js/api.js?v=20260823a HTTP/1.1" 200 -
::1 - - [23/Aug/2026 17:30:03] "GET /js/runtime-core.js?v=20260823a HTTP/1.1" 200 -
::1 - - [23/Aug/2026 17:30:03] "GET /js/cinema-bg.js?v=20260823a HTTP/1.1" 200 -
::1 - - [23/Aug/2026 17:30:03] "GET /js/cinema-music.js?v=20260823a HTTP/1.1" 200 -
::1 - - [23/Aug/2026 17:30:03] "GET /js/shell.js?v=20260823a HTTP/1.1" 200 -
::1 - - [23/Aug/2026 17:30:03] "GET /js/pages/map.js?v=20260823a HTTP/1.1" 200 -
::1 - - [23/Aug/2026 17:30:10] "GET /assets/brand/logo.png HTTP/1.1" 200 -
::1 - - [23/Aug/2026 17:30:10] "GET /assets/bg/scene3.mp4 HTTP/1.1" 200 -
::1 - - [23/Aug/2026 17:30:10] "GET /assets/bg/scene3.mp4 HTTP/1.1" 200 -
----------------------------------------
Exception occurred during processing of request from ('::1', 53894, 0, 0)
Traceback (most recent call last):
  File "D:\Learning_tools\python_new_3.14.5\Lib\socketserver.py", line 697, in process_request_thread
    self.finish_request(request, client_address)
    ~~~~~~~~~~~~~~~~~~~^^^^^^^^^^^^^^^^^^^^^^^^^
  File "D:\Learning_tools\python_new_3.14.5\Lib\http\server.py", line 1422, in finish_request
    self.RequestHandlerClass(request, client_address, self,
    ~~~~~~~~~~~~~~~~~~~~~~~~^^^^^^^^^^^^^^^^^^^^^^^^^^^^^^^
                             directory=args.directory)
                             ^^^^^^^^^^^^^^^^^^^^^^^^^
  File "D:\Learning_tools\python_new_3.14.5\Lib\http\server.py", line 732, in __init__
    super().__init__(*args, **kwargs)
    ~~~~~~~~~~~~~~~~^^^^^^^^^^^^^^^^^
  File "D:\Learning_tools\python_new_3.14.5\Lib\socketserver.py", line 766, in __init__
    self.handle()
    ~~~~~~~~~~~^^
  File "D:\Learning_tools\python_new_3.14.5\Lib\http\server.py", line 496, in handle
    self.handle_one_request()
    ~~~~~~~~~~~~~~~~~~~~~~~^^
  File "D:\Learning_tools\python_new_3.14.5\Lib\http\server.py", line 484, in handle_one_request
    method()
    ~~~~~~^^
  File "D:\Learning_tools\python_new_3.14.5\Lib\http\server.py", line 739, in do_GET
    self.copyfile(f, self.wfile)
    ~~~~~~~~~~~~~^^^^^^^^^^^^^^^
  File "D:\Learning_tools\python_new_3.14.5\Lib\http\server.py", line 942, in copyfile
    shutil.copyfileobj(source, outputfile)
    ~~~~~~~~~~~~~~~~~~^^^^^^^^^^^^^^^^^^^^
  File "D:\Learning_tools\python_new_3.14.5\Lib\shutil.py", line 257, in copyfileobj
    fdst_write(buf)
    ~~~~~~~~~~^^^^^
  File "D:\Learning_tools\python_new_3.14.5\Lib\socketserver.py", line 845, in write
    self._sock.sendall(b)
    ~~~~~~~~~~~~~~~~~~^^^
ConnectionResetError: [WinError 10054] 远程主机强迫关闭了一个现有的连接。
----------------------------------------
::1 - - [23/Aug/2026 17:30:11] "GET /assets/china-geo.json HTTP/1.1" 200 -
::1 - - [23/Aug/2026 17:31:31] "GET /pages/map.html?v=20260823f HTTP/1.1" 200 -
::1 - - [23/Aug/2026 17:31:31] "GET /css/tokens.css HTTP/1.1" 200 -
::1 - - [23/Aug/2026 17:31:31] "GET /css/components.css HTTP/1.1" 200 -
::1 - - [23/Aug/2026 17:31:31] "GET /css/legacy-views.css HTTP/1.1" 200 -
::1 - - [23/Aug/2026 17:31:31] "GET /css/shell.css HTTP/1.1" 200 -
::1 - - [23/Aug/2026 17:31:31] "GET /js/api.js?v=20260823a HTTP/1.1" 200 -
::1 - - [23/Aug/2026 17:31:31] "GET /js/runtime-core.js?v=20260823a HTTP/1.1" 200 -
::1 - - [23/Aug/2026 17:31:31] "GET /js/cinema-bg.js?v=20260823a HTTP/1.1" 200 -
::1 - - [23/Aug/2026 17:31:31] "GET /js/cinema-music.js?v=20260823a HTTP/1.1" 200 -
::1 - - [23/Aug/2026 17:31:31] "GET /js/shell.js?v=20260823a HTTP/1.1" 200 -
::1 - - [23/Aug/2026 17:31:31] "GET /js/pages/map.js?v=20260823a HTTP/1.1" 200 -
::1 - - [23/Aug/2026 17:31:39] "GET /assets/brand/logo.png HTTP/1.1" 200 -
::1 - - [23/Aug/2026 17:31:39] "GET /assets/bg/scene3.mp4 HTTP/1.1" 200 -
::1 - - [23/Aug/2026 17:31:39] "GET /assets/bg/scene3.mp4 HTTP/1.1" 200 -
----------------------------------------
Exception occurred during processing of request from ('::1', 56703, 0, 0)
Traceback (most recent call last):
  File "D:\Learning_tools\python_new_3.14.5\Lib\socketserver.py", line 697, in process_request_thread
    self.finish_request(request, client_address)
    ~~~~~~~~~~~~~~~~~~~^^^^^^^^^^^^^^^^^^^^^^^^^
  File "D:\Learning_tools\python_new_3.14.5\Lib\http\server.py", line 1422, in finish_request
    self.RequestHandlerClass(request, client_address, self,
    ~~~~~~~~~~~~~~~~~~~~~~~~^^^^^^^^^^^^^^^^^^^^^^^^^^^^^^^
                             directory=args.directory)
                             ^^^^^^^^^^^^^^^^^^^^^^^^^
  File "D:\Learning_tools\python_new_3.14.5\Lib\http\server.py", line 732, in __init__
    super().__init__(*args, **kwargs)
    ~~~~~~~~~~~~~~~~^^^^^^^^^^^^^^^^^
  File "D:\Learning_tools\python_new_3.14.5\Lib\socketserver.py", line 766, in __init__
    self.handle()
    ~~~~~~~~~~~^^
  File "D:\Learning_tools\python_new_3.14.5\Lib\http\server.py", line 496, in handle
    self.handle_one_request()
    ~~~~~~~~~~~~~~~~~~~~~~~^^
  File "D:\Learning_tools\python_new_3.14.5\Lib\http\server.py", line 484, in handle_one_request
    method()
    ~~~~~~^^
  File "D:\Learning_tools\python_new_3.14.5\Lib\http\server.py", line 739, in do_GET
    self.copyfile(f, self.wfile)
    ~~~~~~~~~~~~~^^^^^^^^^^^^^^^
  File "D:\Learning_tools\python_new_3.14.5\Lib\http\server.py", line 942, in copyfile
    shutil.copyfileobj(source, outputfile)
    ~~~~~~~~~~~~~~~~~~^^^^^^^^^^^^^^^^^^^^
  File "D:\Learning_tools\python_new_3.14.5\Lib\shutil.py", line 257, in copyfileobj
    fdst_write(buf)
    ~~~~~~~~~~^^^^^
  File "D:\Learning_tools\python_new_3.14.5\Lib\socketserver.py", line 845, in write
    self._sock.sendall(b)
    ~~~~~~~~~~~~~~~~~~^^^
ConnectionResetError: [WinError 10054] 远程主机强迫关闭了一个现有的连接。
----------------------------------------
::1 - - [23/Aug/2026 17:31:40] "GET /assets/china-geo.json HTTP/1.1" 200 -
::1 - - [23/Aug/2026 17:32:30] "GET /pages/map.html?v=20260823g HTTP/1.1" 200 -
::1 - - [23/Aug/2026 17:32:30] "GET /css/tokens.css HTTP/1.1" 200 -
::1 - - [23/Aug/2026 17:32:30] "GET /css/shell.css HTTP/1.1" 200 -
::1 - - [23/Aug/2026 17:32:30] "GET /css/components.css HTTP/1.1" 200 -
::1 - - [23/Aug/2026 17:32:30] "GET /css/legacy-views.css HTTP/1.1" 200 -
::1 - - [23/Aug/2026 17:32:30] "GET /js/api.js?v=20260823a HTTP/1.1" 200 -
::1 - - [23/Aug/2026 17:32:30] "GET /js/cinema-bg.js?v=20260823a HTTP/1.1" 200 -
::1 - - [23/Aug/2026 17:32:30] "GET /js/runtime-core.js?v=20260823a HTTP/1.1" 200 -
::1 - - [23/Aug/2026 17:32:30] "GET /js/cinema-music.js?v=20260823a HTTP/1.1" 200 -
::1 - - [23/Aug/2026 17:32:30] "GET /js/shell.js?v=20260823a HTTP/1.1" 200 -
::1 - - [23/Aug/2026 17:32:30] "GET /js/pages/map.js?v=20260823a HTTP/1.1" 200 -
::1 - - [23/Aug/2026 17:32:35] "GET /assets/brand/logo.png HTTP/1.1" 200 -
::1 - - [23/Aug/2026 17:32:36] "GET /assets/bg/scene3.mp4 HTTP/1.1" 200 -
::1 - - [23/Aug/2026 17:32:36] "GET /assets/bg/scene3.mp4 HTTP/1.1" 200 -
----------------------------------------
Exception occurred during processing of request from ('::1', 59937, 0, 0)
Traceback (most recent call last):
  File "D:\Learning_tools\python_new_3.14.5\Lib\socketserver.py", line 697, in process_request_thread
    self.finish_request(request, client_address)
    ~~~~~~~~~~~~~~~~~~~^^^^^^^^^^^^^^^^^^^^^^^^^
  File "D:\Learning_tools\python_new_3.14.5\Lib\http\server.py", line 1422, in finish_request
    self.RequestHandlerClass(request, client_address, self,
    ~~~~~~~~~~~~~~~~~~~~~~~~^^^^^^^^^^^^^^^^^^^^^^^^^^^^^^^
                             directory=args.directory)
                             ^^^^^^^^^^^^^^^^^^^^^^^^^
  File "D:\Learning_tools\python_new_3.14.5\Lib\http\server.py", line 732, in __init__
    super().__init__(*args, **kwargs)
    ~~~~~~~~~~~~~~~~^^^^^^^^^^^^^^^^^
  File "D:\Learning_tools\python_new_3.14.5\Lib\socketserver.py", line 766, in __init__
    self.handle()
    ~~~~~~~~~~~^^
  File "D:\Learning_tools\python_new_3.14.5\Lib\http\server.py", line 496, in handle
    self.handle_one_request()
    ~~~~~~~~~~~~~~~~~~~~~~~^^
  File "D:\Learning_tools\python_new_3.14.5\Lib\http\server.py", line 484, in handle_one_request
    method()
    ~~~~~~^^
  File "D:\Learning_tools\python_new_3.14.5\Lib\http\server.py", line 739, in do_GET
    self.copyfile(f, self.wfile)
    ~~~~~~~~~~~~~^^^^^^^^^^^^^^^
  File "D:\Learning_tools\python_new_3.14.5\Lib\http\server.py", line 942, in copyfile
    shutil.copyfileobj(source, outputfile)
    ~~~~~~~~~~~~~~~~~~^^^^^^^^^^^^^^^^^^^^
  File "D:\Learning_tools\python_new_3.14.5\Lib\shutil.py", line 257, in copyfileobj
    fdst_write(buf)
    ~~~~~~~~~~^^^^^
  File "D:\Learning_tools\python_new_3.14.5\Lib\socketserver.py", line 845, in write
    self._sock.sendall(b)
    ~~~~~~~~~~~~~~~~~~^^^
ConnectionResetError: [WinError 10054] 远程主机强迫关闭了一个现有的连接。
----------------------------------------
::1 - - [23/Aug/2026 17:32:36] "GET /assets/china-geo.json HTTP/1.1" 200 -
::1 - - [23/Aug/2026 17:40:24] code 404, message File not found
::1 - - [23/Aug/2026 17:40:24] "GET /hybridaction/zybTrackerStatisticsAction?data=%7B%7D&__callback__=__cb__zybTrackerStatisticsAction__c8143077_3aee_4a2c_a263_770a443d42d8__0 HTTP/1.1" 404 -
::1 - - [23/Aug/2026 17:40:25] code 404, message File not found
::1 - - [23/Aug/2026 17:40:25] "GET /hybridaction/zybTrackerStatisticsAction?data=%7B%7D&__callback__=__cb__zybTrackerStatisticsAction__0ad61997_286d_470d_8899_3c0acb6ebf11__1 HTTP/1.1" 404 -
::1 - - [23/Aug/2026 17:41:37] "GET /pages/map.html HTTP/1.1" 304 -
::1 - - [23/Aug/2026 17:41:37] "GET /js/pages/map.js?v=20260823a HTTP/1.1" 200 -
::1 - - [23/Aug/2026 17:41:37] code 404, message File not found
::1 - - [23/Aug/2026 17:41:37] "GET /hybridaction/zybTrackerStatisticsAction?data=%7B%7D&__callback__=__cb__zybTrackerStatisticsAction__4c735c5d_2917_4875_8ac9_ce372928cb8a__0 HTTP/1.1" 404 -
::1 - - [23/Aug/2026 17:41:38] code 404, message File not found
::1 - - [23/Aug/2026 17:41:38] "GET /hybridaction/zybTrackerStatisticsAction?data=%7B%7D&__callback__=__cb__zybTrackerStatisticsAction__a1866ce8_c9be_4c52_adea_fc33a6209c3f__1 HTTP/1.1" 404 -
::1 - - [23/Aug/2026 17:54:22] "GET /pages/map.html HTTP/1.1" 200 -
::1 - - [23/Aug/2026 17:54:46] "GET /pages/map.html HTTP/1.1" 200 -
::1 - - [23/Aug/2026 17:54:46] "GET /css/tokens.css HTTP/1.1" 200 -
::1 - - [23/Aug/2026 17:54:46] "GET /css/shell.css HTTP/1.1" 200 -
::1 - - [23/Aug/2026 17:54:46] "GET /css/legacy-views.css HTTP/1.1" 200 -
::1 - - [23/Aug/2026 17:54:46] "GET /css/components.css HTTP/1.1" 200 -
::1 - - [23/Aug/2026 17:54:46] "GET /js/api.js?v=20260823a HTTP/1.1" 200 -
::1 - - [23/Aug/2026 17:54:46] "GET /js/runtime-core.js?v=20260823a HTTP/1.1" 200 -
::1 - - [23/Aug/2026 17:54:46] "GET /js/cinema-bg.js?v=20260823a HTTP/1.1" 200 -
::1 - - [23/Aug/2026 17:54:46] "GET /js/cinema-music.js?v=20260823a HTTP/1.1" 200 -
::1 - - [23/Aug/2026 17:54:46] "GET /js/shell.js?v=20260823a HTTP/1.1" 200 -
::1 - - [23/Aug/2026 17:54:46] "GET /js/pages/map.js?v=20260823a HTTP/1.1" 200 -
::1 - - [23/Aug/2026 17:54:51] "GET /assets/brand/logo.png HTTP/1.1" 200 -
::1 - - [23/Aug/2026 17:54:51] "GET /assets/bg/scene3.mp4 HTTP/1.1" 200 -
::1 - - [23/Aug/2026 17:54:52] "GET /assets/china-geo.json HTTP/1.1" 200 -
::1 - - [23/Aug/2026 17:54:58] code 404, message File not found
::1 - - [23/Aug/2026 17:54:58] "GET /favicon.ico HTTP/1.1" 404 -
::1 - - [23/Aug/2026 18:05:28] "GET /pages/map.html HTTP/1.1" 200 -
::1 - - [23/Aug/2026 18:05:28] "GET /css/tokens.css HTTP/1.1" 200 -
::1 - - [23/Aug/2026 18:05:28] "GET /css/shell.css HTTP/1.1" 200 -
::1 - - [23/Aug/2026 18:05:28] "GET /css/components.css HTTP/1.1" 200 -
::1 - - [23/Aug/2026 18:05:28] "GET /css/legacy-views.css HTTP/1.1" 200 -
::1 - - [23/Aug/2026 18:05:28] "GET /js/api.js?v=20260823a HTTP/1.1" 200 -
::1 - - [23/Aug/2026 18:05:29] "GET /js/runtime-core.js?v=20260823a HTTP/1.1" 200 -
::1 - - [23/Aug/2026 18:05:29] "GET /js/cinema-bg.js?v=20260823a HTTP/1.1" 200 -
::1 - - [23/Aug/2026 18:05:29] "GET /js/cinema-music.js?v=20260823a HTTP/1.1" 200 -
::1 - - [23/Aug/2026 18:05:29] "GET /js/shell.js?v=20260823a HTTP/1.1" 200 -
::1 - - [23/Aug/2026 18:05:29] "GET /js/pages/map.js?v=20260823a HTTP/1.1" 200 -
::1 - - [23/Aug/2026 18:05:36] "GET /assets/brand/logo.png HTTP/1.1" 200 -
::1 - - [23/Aug/2026 18:05:36] "GET /assets/bg/scene3.mp4 HTTP/1.1" 200 -
::1 - - [23/Aug/2026 18:05:37] "GET /assets/bg/scene3.mp4 HTTP/1.1" 200 -
----------------------------------------
Exception occurred during processing of request from ('::1', 55506, 0, 0)
Traceback (most recent call last):
  File "D:\Learning_tools\python_new_3.14.5\Lib\socketserver.py", line 697, in process_request_thread
    self.finish_request(request, client_address)
    ~~~~~~~~~~~~~~~~~~~^^^^^^^^^^^^^^^^^^^^^^^^^
  File "D:\Learning_tools\python_new_3.14.5\Lib\http\server.py", line 1422, in finish_request
    self.RequestHandlerClass(request, client_address, self,
    ~~~~~~~~~~~~~~~~~~~~~~~~^^^^^^^^^^^^^^^^^^^^^^^^^^^^^^^
                             directory=args.directory)
                             ^^^^^^^^^^^^^^^^^^^^^^^^^
  File "D:\Learning_tools\python_new_3.14.5\Lib\http\server.py", line 732, in __init__
    super().__init__(*args, **kwargs)
    ~~~~~~~~~~~~~~~~^^^^^^^^^^^^^^^^^
  File "D:\Learning_tools\python_new_3.14.5\Lib\socketserver.py", line 766, in __init__
    self.handle()
    ~~~~~~~~~~~^^
  File "D:\Learning_tools\python_new_3.14.5\Lib\http\server.py", line 496, in handle
    self.handle_one_request()
    ~~~~~~~~~~~~~~~~~~~~~~~^^
  File "D:\Learning_tools\python_new_3.14.5\Lib\http\server.py", line 484, in handle_one_request
    method()
    ~~~~~~^^
  File "D:\Learning_tools\python_new_3.14.5\Lib\http\server.py", line 739, in do_GET
    self.copyfile(f, self.wfile)
    ~~~~~~~~~~~~~^^^^^^^^^^^^^^^
  File "D:\Learning_tools\python_new_3.14.5\Lib\http\server.py", line 942, in copyfile
    shutil.copyfileobj(source, outputfile)
    ~~~~~~~~~~~~~~~~~~^^^^^^^^^^^^^^^^^^^^
  File "D:\Learning_tools\python_new_3.14.5\Lib\shutil.py", line 257, in copyfileobj
    fdst_write(buf)
    ~~~~~~~~~~^^^^^
  File "D:\Learning_tools\python_new_3.14.5\Lib\socketserver.py", line 845, in write
    self._sock.sendall(b)
    ~~~~~~~~~~~~~~~~~~^^^
ConnectionResetError: [WinError 10054] 远程主机强迫关闭了一个现有的连接。
----------------------------------------
::1 - - [23/Aug/2026 18:05:37] "GET /assets/china-geo.json HTTP/1.1" 200 -
::1 - - [23/Aug/2026 18:05:42] code 404, message File not found
::1 - - [23/Aug/2026 18:05:42] "GET /favicon.ico HTTP/1.1" 404 -
::1 - - [23/Aug/2026 18:36:04] "GET /pages/map.html HTTP/1.1" 304 -
::1 - - [23/Aug/2026 18:36:04] "GET /js/pages/map.js?v=20260823a HTTP/1.1" 200 -
::1 - - [23/Aug/2026 18:36:05] code 404, message File not found
::1 - - [23/Aug/2026 18:36:05] "GET /hybridaction/zybTrackerStatisticsAction?data=%7B%7D&__callback__=__cb__zybTrackerStatisticsAction__b6fdebbb_672e_4de5_bd9c_a7375c9e3164__0 HTTP/1.1" 404 -
::1 - - [23/Aug/2026 18:36:06] code 404, message File not found
::1 - - [23/Aug/2026 18:36:06] "GET /hybridaction/zybTrackerStatisticsAction?data=%7B%7D&__callback__=__cb__zybTrackerStatisticsAction__e4b82de3_df1a_4f31_9806_4dcf82a0b6ac__1 HTTP/1.1" 404 -
::1 - - [23/Aug/2026 18:40:26] code 404, message File not found
::1 - - [23/Aug/2026 18:40:26] "GET /hybridaction/zybTrackerStatisticsAction?data=%7B%7D&__callback__=__cb__zybTrackerStatisticsAction__10a4567e_51df_4822_a525_78eae39ab13d__0 HTTP/1.1" 404 -
::1 - - [23/Aug/2026 18:40:26] code 404, message File not found
::1 - - [23/Aug/2026 18:40:26] "GET /hybridaction/zybTrackerStatisticsAction?data=%7B%7D&__callback__=__cb__zybTrackerStatisticsAction__4e3ea901_83b6_4bc5_b6d8_029f6cfac963__1 HTTP/1.1" 404 -
::1 - - [23/Aug/2026 18:40:29] "GET /js/pages/map.js?v=20260823a HTTP/1.1" 304 -
::1 - - [23/Aug/2026 18:40:30] code 404, message File not found
::1 - - [23/Aug/2026 18:40:30] "GET /hybridaction/zybTrackerStatisticsAction?data=%7B%7D&__callback__=__cb__zybTrackerStatisticsAction__7f0bd270_f902_42f3_af8a_23f54996f7af__0 HTTP/1.1" 404 -
::1 - - [23/Aug/2026 18:40:30] code 404, message File not found
::1 - - [23/Aug/2026 18:40:30] "GET /hybridaction/zybTrackerStatisticsAction?data=%7B%7D&__callback__=__cb__zybTrackerStatisticsAction__b9fbb4d4_d742_490c_aa61_25a8d09b1a18__1 HTTP/1.1" 404 -
::1 - - [23/Aug/2026 19:01:29] "GET /pages/map.html HTTP/1.1" 200 -
::1 - - [23/Aug/2026 19:01:29] "GET /css/tokens.css HTTP/1.1" 200 -
::1 - - [23/Aug/2026 19:01:29] "GET /css/shell.css HTTP/1.1" 200 -
::1 - - [23/Aug/2026 19:01:29] "GET /css/components.css HTTP/1.1" 200 -
::1 - - [23/Aug/2026 19:01:29] "GET /css/legacy-views.css HTTP/1.1" 200 -
::1 - - [23/Aug/2026 19:01:29] "GET /js/api.js?v=20260823b HTTP/1.1" 200 -
::1 - - [23/Aug/2026 19:01:29] "GET /js/runtime-core.js?v=20260823b HTTP/1.1" 200 -
::1 - - [23/Aug/2026 19:01:29] "GET /js/cinema-bg.js?v=20260823b HTTP/1.1" 200 -
::1 - - [23/Aug/2026 19:01:29] "GET /js/cinema-music.js?v=20260823b HTTP/1.1" 200 -
::1 - - [23/Aug/2026 19:01:29] "GET /js/shell.js?v=20260823b HTTP/1.1" 200 -
::1 - - [23/Aug/2026 19:01:29] "GET /js/pages/map.js?v=20260823b HTTP/1.1" 200 -
::1 - - [23/Aug/2026 19:01:36] "GET /assets/brand/logo.png HTTP/1.1" 200 -
::1 - - [23/Aug/2026 19:01:36] "GET /assets/bg/scene3.mp4 HTTP/1.1" 200 -
::1 - - [23/Aug/2026 19:01:37] "GET /assets/china-geo.json HTTP/1.1" 200 -
::1 - - [23/Aug/2026 19:01:42] code 404, message File not found
::1 - - [23/Aug/2026 19:01:42] "GET /favicon.ico HTTP/1.1" 404 -
::1 - - [23/Aug/2026 19:01:56] "GET /pages/map.html HTTP/1.1" 304 -
::1 - - [23/Aug/2026 19:01:56] "GET /css/legacy-views.css HTTP/1.1" 304 -
::1 - - [23/Aug/2026 19:01:56] "GET /js/pages/map.js?v=20260823b HTTP/1.1" 304 -
::1 - - [23/Aug/2026 19:01:56] "GET /assets/bg/scene3.mp4 HTTP/1.1" 200 -
::1 - - [23/Aug/2026 19:01:56] "GET /assets/bg/scene3.mp4 HTTP/1.1" 200 -
----------------------------------------
Exception occurred during processing of request from ('::1', 59847, 0, 0)
Traceback (most recent call last):
  File "D:\Learning_tools\python_new_3.14.5\Lib\socketserver.py", line 697, in process_request_thread
    self.finish_request(request, client_address)
    ~~~~~~~~~~~~~~~~~~~^^^^^^^^^^^^^^^^^^^^^^^^^
  File "D:\Learning_tools\python_new_3.14.5\Lib\http\server.py", line 1422, in finish_request
    self.RequestHandlerClass(request, client_address, self,
    ~~~~~~~~~~~~~~~~~~~~~~~~^^^^^^^^^^^^^^^^^^^^^^^^^^^^^^^
                             directory=args.directory)
                             ^^^^^^^^^^^^^^^^^^^^^^^^^
  File "D:\Learning_tools\python_new_3.14.5\Lib\http\server.py", line 732, in __init__
    super().__init__(*args, **kwargs)
    ~~~~~~~~~~~~~~~~^^^^^^^^^^^^^^^^^
  File "D:\Learning_tools\python_new_3.14.5\Lib\socketserver.py", line 766, in __init__
    self.handle()
    ~~~~~~~~~~~^^
  File "D:\Learning_tools\python_new_3.14.5\Lib\http\server.py", line 496, in handle
    self.handle_one_request()
    ~~~~~~~~~~~~~~~~~~~~~~~^^
  File "D:\Learning_tools\python_new_3.14.5\Lib\http\server.py", line 484, in handle_one_request
    method()
    ~~~~~~^^
  File "D:\Learning_tools\python_new_3.14.5\Lib\http\server.py", line 739, in do_GET
    self.copyfile(f, self.wfile)
    ~~~~~~~~~~~~~^^^^^^^^^^^^^^^
  File "D:\Learning_tools\python_new_3.14.5\Lib\http\server.py", line 942, in copyfile
    shutil.copyfileobj(source, outputfile)
    ~~~~~~~~~~~~~~~~~~^^^^^^^^^^^^^^^^^^^^
  File "D:\Learning_tools\python_new_3.14.5\Lib\shutil.py", line 257, in copyfileobj
    fdst_write(buf)
    ~~~~~~~~~~^^^^^
  File "D:\Learning_tools\python_new_3.14.5\Lib\socketserver.py", line 845, in write
    self._sock.sendall(b)
    ~~~~~~~~~~~~~~~~~~^^^
ConnectionResetError: [WinError 10054] 远程主机强迫关闭了一个现有的连接。
----------------------------------------
::1 - - [23/Aug/2026 19:04:49] "GET /pages/map.html HTTP/1.1" 304 -
::1 - - [23/Aug/2026 19:04:49] "GET /css/legacy-views.css HTTP/1.1" 304 -
::1 - - [23/Aug/2026 19:04:49] "GET /js/pages/map.js?v=20260823b HTTP/1.1" 304 -
::1 - - [23/Aug/2026 19:04:49] "GET /assets/bg/scene3.mp4 HTTP/1.1" 200 -
::1 - - [23/Aug/2026 19:04:50] "GET /assets/bg/scene3.mp4 HTTP/1.1" 200 -
::1 - - [23/Aug/2026 19:05:39] "GET /pages/map.html HTTP/1.1" 304 -
::1 - - [23/Aug/2026 19:05:39] "GET /css/legacy-views.css HTTP/1.1" 304 -
::1 - - [23/Aug/2026 19:05:39] "GET /js/pages/map.js?v=20260823b HTTP/1.1" 304 -
::1 - - [23/Aug/2026 19:05:39] "GET /assets/bg/scene3.mp4 HTTP/1.1" 200 -
::1 - - [23/Aug/2026 19:05:39] "GET /assets/bg/scene3.mp4 HTTP/1.1" 200 -
----------------------------------------
Exception occurred during processing of request from ('::1', 54770, 0, 0)
Traceback (most recent call last):
  File "D:\Learning_tools\python_new_3.14.5\Lib\socketserver.py", line 697, in process_request_thread
    self.finish_request(request, client_address)
    ~~~~~~~~~~~~~~~~~~~^^^^^^^^^^^^^^^^^^^^^^^^^
  File "D:\Learning_tools\python_new_3.14.5\Lib\http\server.py", line 1422, in finish_request
    self.RequestHandlerClass(request, client_address, self,
    ~~~~~~~~~~~~~~~~~~~~~~~~^^^^^^^^^^^^^^^^^^^^^^^^^^^^^^^
                             directory=args.directory)
                             ^^^^^^^^^^^^^^^^^^^^^^^^^
  File "D:\Learning_tools\python_new_3.14.5\Lib\http\server.py", line 732, in __init__
    super().__init__(*args, **kwargs)
    ~~~~~~~~~~~~~~~~^^^^^^^^^^^^^^^^^
  File "D:\Learning_tools\python_new_3.14.5\Lib\socketserver.py", line 766, in __init__
    self.handle()
    ~~~~~~~~~~~^^
  File "D:\Learning_tools\python_new_3.14.5\Lib\http\server.py", line 496, in handle
    self.handle_one_request()
    ~~~~~~~~~~~~~~~~~~~~~~~^^
  File "D:\Learning_tools\python_new_3.14.5\Lib\http\server.py", line 484, in handle_one_request
    method()
    ~~~~~~^^
  File "D:\Learning_tools\python_new_3.14.5\Lib\http\server.py", line 739, in do_GET
    self.copyfile(f, self.wfile)
    ~~~~~~~~~~~~~^^^^^^^^^^^^^^^
  File "D:\Learning_tools\python_new_3.14.5\Lib\http\server.py", line 942, in copyfile
    shutil.copyfileobj(source, outputfile)
    ~~~~~~~~~~~~~~~~~~^^^^^^^^^^^^^^^^^^^^
  File "D:\Learning_tools\python_new_3.14.5\Lib\shutil.py", line 257, in copyfileobj
    fdst_write(buf)
    ~~~~~~~~~~^^^^^
  File "D:\Learning_tools\python_new_3.14.5\Lib\socketserver.py", line 845, in write
    self._sock.sendall(b)
    ~~~~~~~~~~~~~~~~~~^^^
ConnectionResetError: [WinError 10054] 远程主机强迫关闭了一个现有的连接。
----------------------------------------
::1 - - [23/Aug/2026 19:06:21] "GET /pages/map.html HTTP/1.1" 304 -
::1 - - [23/Aug/2026 19:06:21] "GET /css/legacy-views.css HTTP/1.1" 304 -
::1 - - [23/Aug/2026 19:06:21] "GET /js/pages/map.js?v=20260823b HTTP/1.1" 304 -
::1 - - [23/Aug/2026 19:06:21] "GET /assets/bg/scene3.mp4 HTTP/1.1" 200 -
::1 - - [23/Aug/2026 19:06:21] "GET /assets/bg/scene3.mp4 HTTP/1.1" 200 -
----------------------------------------
Exception occurred during processing of request from ('::1', 51880, 0, 0)
Traceback (most recent call last):
  File "D:\Learning_tools\python_new_3.14.5\Lib\socketserver.py", line 697, in process_request_thread
    self.finish_request(request, client_address)
    ~~~~~~~~~~~~~~~~~~~^^^^^^^^^^^^^^^^^^^^^^^^^
  File "D:\Learning_tools\python_new_3.14.5\Lib\http\server.py", line 1422, in finish_request
    self.RequestHandlerClass(request, client_address, self,
    ~~~~~~~~~~~~~~~~~~~~~~~~^^^^^^^^^^^^^^^^^^^^^^^^^^^^^^^
                             directory=args.directory)
                             ^^^^^^^^^^^^^^^^^^^^^^^^^
  File "D:\Learning_tools\python_new_3.14.5\Lib\http\server.py", line 732, in __init__
    super().__init__(*args, **kwargs)
    ~~~~~~~~~~~~~~~~^^^^^^^^^^^^^^^^^
  File "D:\Learning_tools\python_new_3.14.5\Lib\socketserver.py", line 766, in __init__
    self.handle()
    ~~~~~~~~~~~^^
  File "D:\Learning_tools\python_new_3.14.5\Lib\http\server.py", line 496, in handle
    self.handle_one_request()
    ~~~~~~~~~~~~~~~~~~~~~~~^^
  File "D:\Learning_tools\python_new_3.14.5\Lib\http\server.py", line 484, in handle_one_request
    method()
    ~~~~~~^^
  File "D:\Learning_tools\python_new_3.14.5\Lib\http\server.py", line 739, in do_GET
    self.copyfile(f, self.wfile)
    ~~~~~~~~~~~~~^^^^^^^^^^^^^^^
  File "D:\Learning_tools\python_new_3.14.5\Lib\http\server.py", line 942, in copyfile
    shutil.copyfileobj(source, outputfile)
    ~~~~~~~~~~~~~~~~~~^^^^^^^^^^^^^^^^^^^^
  File "D:\Learning_tools\python_new_3.14.5\Lib\shutil.py", line 257, in copyfileobj
    fdst_write(buf)
    ~~~~~~~~~~^^^^^
  File "D:\Learning_tools\python_new_3.14.5\Lib\socketserver.py", line 845, in write
    self._sock.sendall(b)
    ~~~~~~~~~~~~~~~~~~^^^
ConnectionResetError: [WinError 10054] 远程主机强迫关闭了一个现有的连接。
----------------------------------------
::1 - - [23/Aug/2026 19:06:32] "GET /index.html HTTP/1.1" 200 -
::1 - - [23/Aug/2026 19:06:32] "GET /css/cinema.css?v=34 HTTP/1.1" 200 -
::1 - - [23/Aug/2026 19:06:32] "GET /js/entry.js?v=34 HTTP/1.1" 200 -
::1 - - [23/Aug/2026 19:06:32] "GET /assets/brand/logo.png?v=14 HTTP/1.1" 200 -
::1 - - [23/Aug/2026 19:06:32] "GET /js/project-cards.js?v=34 HTTP/1.1" 200 -
::1 - - [23/Aug/2026 19:06:32] "GET /assets/bg/scene1.mp4 HTTP/1.1" 200 -
::1 - - [23/Aug/2026 19:06:40] "GET /assets/bg/transition_1_2.mp4 HTTP/1.1" 200 -
::1 - - [23/Aug/2026 19:10:40] "GET /pages/map.html HTTP/1.1" 200 -
::1 - - [23/Aug/2026 19:10:41] "GET /js/api.js?v=20260823b HTTP/1.1" 200 -
::1 - - [23/Aug/2026 19:10:41] "GET /js/runtime-core.js?v=20260823b HTTP/1.1" 200 -
::1 - - [23/Aug/2026 19:10:41] "GET /js/cinema-bg.js?v=20260823b HTTP/1.1" 200 -
::1 - - [23/Aug/2026 19:10:41] "GET /js/pages/map.js?v=20260823b HTTP/1.1" 200 -
::1 - - [23/Aug/2026 19:10:41] "GET /js/shell.js?v=20260823b HTTP/1.1" 200 -
::1 - - [23/Aug/2026 19:10:41] "GET /js/cinema-music.js?v=20260823b HTTP/1.1" 200 -
::1 - - [23/Aug/2026 19:10:41] code 404, message File not found
::1 - - [23/Aug/2026 19:10:41] "GET /hybridaction/zybTrackerStatisticsAction?data=%7B%7D&__callback__=__cb__zybTrackerStatisticsAction__a0c9815c_fc93_45c4_b8eb_69d99e866965__0 HTTP/1.1" 404 -
::1 - - [23/Aug/2026 19:10:42] code 404, message File not found
::1 - - [23/Aug/2026 19:10:42] "GET /hybridaction/zybTrackerStatisticsAction?data=%7B%7D&__callback__=__cb__zybTrackerStatisticsAction__074eb811_3dd2_4e62_8a68_17fe4bc438d5__1 HTTP/1.1" 404 -
::1 - - [23/Aug/2026 19:10:59] "GET /pages/match.html?tab=profile HTTP/1.1" 200 -
::1 - - [23/Aug/2026 19:10:59] "GET /js/pages/match.js HTTP/1.1" 304 -
::1 - - [23/Aug/2026 19:10:59] "GET /js/pages/hub-tabs.js HTTP/1.1" 304 -
::1 - - [23/Aug/2026 19:10:59] "GET /pages/profile-embed.html HTTP/1.1" 304 -
::1 - - [23/Aug/2026 19:10:59] "GET /css/profile.css HTTP/1.1" 304 -
::1 - - [23/Aug/2026 19:10:59] "GET /js/pages/profile.js HTTP/1.1" 304 -
::1 - - [23/Aug/2026 19:10:59] code 404, message File not found
::1 - - [23/Aug/2026 19:10:59] "GET /hybridaction/zybTrackerStatisticsAction?data=%7B%7D&__callback__=__cb__zybTrackerStatisticsAction__5aeaec58_8e2a_4007_9fc3_11cc8e89b931__0 HTTP/1.1" 404 -
::1 - - [23/Aug/2026 19:11:00] code 404, message File not found
::1 - - [23/Aug/2026 19:11:00] "GET /hybridaction/zybTrackerStatisticsAction?data=%7B%7D&__callback__=__cb__zybTrackerStatisticsAction__f51a704a_1a06_4b4a_9942_de975b9d740c__1 HTTP/1.1" 404 -
::1 - - [23/Aug/2026 19:11:04] code 404, message File not found
::1 - - [23/Aug/2026 19:11:04] "GET /hybridaction/zybTrackerStatisticsAction?data=%7B%7D&__callback__=__cb__zybTrackerStatisticsAction__e8f84d24_248a_47db_ad72_96a2eeedd8e8__0 HTTP/1.1" 404 -
::1 - - [23/Aug/2026 19:11:04] code 404, message File not found
::1 - - [23/Aug/2026 19:11:04] "GET /hybridaction/zybTrackerStatisticsAction?data=%7B%7D&__callback__=__cb__zybTrackerStatisticsAction__0512cd02_e523_4bc8_aa5a_598c4b7241fe__1 HTTP/1.1" 404 -
::1 - - [23/Aug/2026 19:11:23] code 404, message File not found
::1 - - [23/Aug/2026 19:11:23] "GET /hybridaction/zybTrackerStatisticsAction?data=%7B%7D&__callback__=__cb__zybTrackerStatisticsAction__228d48f6_caae_4556_9cde_b6321410f7ec__0 HTTP/1.1" 404 -
::1 - - [23/Aug/2026 19:11:24] code 404, message File not found
::1 - - [23/Aug/2026 19:11:24] "GET /hybridaction/zybTrackerStatisticsAction?data=%7B%7D&__callback__=__cb__zybTrackerStatisticsAction__f2f21cf9_d8c9_4b1f_8fce_4e6bb0fa4320__1 HTTP/1.1" 404 -
::1 - - [23/Aug/2026 19:11:49] code 404, message File not found
::1 - - [23/Aug/2026 19:11:49] "GET /hybridaction/zybTrackerStatisticsAction?data=%7B%7D&__callback__=__cb__zybTrackerStatisticsAction__8ac78738_03d8_4b22_8a2e_cd6af71e0b4f__0 HTTP/1.1" 404 -
::1 - - [23/Aug/2026 19:11:49] code 404, message File not found
::1 - - [23/Aug/2026 19:11:49] "GET /hybridaction/zybTrackerStatisticsAction?data=%7B%7D&__callback__=__cb__zybTrackerStatisticsAction__6e8fafe9_3a26_4fe3_9f7d_f2dc678d2bc6__1 HTTP/1.1" 404 -
::1 - - [23/Aug/2026 19:13:55] "GET /pages/map.html HTTP/1.1" 200 -
::1 - - [23/Aug/2026 19:13:55] "GET /css/tokens.css HTTP/1.1" 200 -
::1 - - [23/Aug/2026 19:13:55] "GET /css/shell.css HTTP/1.1" 200 -
::1 - - [23/Aug/2026 19:13:55] "GET /css/components.css HTTP/1.1" 200 -
::1 - - [23/Aug/2026 19:13:55] "GET /css/legacy-views.css HTTP/1.1" 200 -
::1 - - [23/Aug/2026 19:13:55] "GET /js/api.js?v=20260823b HTTP/1.1" 200 -
::1 - - [23/Aug/2026 19:13:55] "GET /js/runtime-core.js?v=20260823b HTTP/1.1" 200 -
::1 - - [23/Aug/2026 19:13:55] "GET /js/cinema-bg.js?v=20260823b HTTP/1.1" 200 -
::1 - - [23/Aug/2026 19:13:55] "GET /js/cinema-music.js?v=20260823b HTTP/1.1" 200 -
::1 - - [23/Aug/2026 19:13:55] "GET /js/shell.js?v=20260823b HTTP/1.1" 200 -
::1 - - [23/Aug/2026 19:13:55] "GET /js/pages/map.js?v=20260823b HTTP/1.1" 200 -
::1 - - [23/Aug/2026 19:14:03] "GET /assets/brand/logo.png HTTP/1.1" 200 -
::1 - - [23/Aug/2026 19:14:03] "GET /assets/bg/scene3.mp4 HTTP/1.1" 200 -
::1 - - [23/Aug/2026 19:14:04] "GET /assets/china-geo.json HTTP/1.1" 200 -
::1 - - [23/Aug/2026 19:14:09] code 404, message File not found
::1 - - [23/Aug/2026 19:14:09] "GET /favicon.ico HTTP/1.1" 404 -
::1 - - [23/Aug/2026 19:17:18] "GET /pages/map.html HTTP/1.1" 200 -
::1 - - [23/Aug/2026 19:17:18] "GET /css/components.css?v=20260823c HTTP/1.1" 200 -
::1 - - [23/Aug/2026 19:17:18] "GET /css/tokens.css?v=20260823c HTTP/1.1" 200 -
::1 - - [23/Aug/2026 19:17:18] "GET /css/shell.css?v=20260823c HTTP/1.1" 200 -
::1 - - [23/Aug/2026 19:17:18] "GET /css/legacy-views.css?v=20260823c HTTP/1.1" 200 -
::1 - - [23/Aug/2026 19:17:18] "GET /js/api.js?v=20260823c HTTP/1.1" 200 -
::1 - - [23/Aug/2026 19:17:18] "GET /js/cinema-bg.js?v=20260823c HTTP/1.1" 200 -
::1 - - [23/Aug/2026 19:17:18] "GET /js/runtime-core.js?v=20260823c HTTP/1.1" 200 -
::1 - - [23/Aug/2026 19:17:18] "GET /js/cinema-music.js?v=20260823c HTTP/1.1" 200 -
::1 - - [23/Aug/2026 19:17:18] "GET /js/shell.js?v=20260823c HTTP/1.1" 200 -
::1 - - [23/Aug/2026 19:17:18] "GET /js/pages/map.js?v=20260823c HTTP/1.1" 200 -
::1 - - [23/Aug/2026 19:17:19] "GET /js/pages/map.js?v=1787483839087 HTTP/1.1" 200 -
::1 - - [23/Aug/2026 19:17:19] "GET /assets/bg/scene3.mp4 HTTP/1.1" 200 -
::1 - - [23/Aug/2026 19:17:19] "GET /assets/bg/scene3.mp4 HTTP/1.1" 200 -
----------------------------------------
Exception occurred during processing of request from ('::1', 50529, 0, 0)
Traceback (most recent call last):
  File "D:\Learning_tools\python_new_3.14.5\Lib\socketserver.py", line 697, in process_request_thread
    self.finish_request(request, client_address)
    ~~~~~~~~~~~~~~~~~~~^^^^^^^^^^^^^^^^^^^^^^^^^
  File "D:\Learning_tools\python_new_3.14.5\Lib\http\server.py", line 1422, in finish_request
    self.RequestHandlerClass(request, client_address, self,
    ~~~~~~~~~~~~~~~~~~~~~~~~^^^^^^^^^^^^^^^^^^^^^^^^^^^^^^^
                             directory=args.directory)
                             ^^^^^^^^^^^^^^^^^^^^^^^^^
  File "D:\Learning_tools\python_new_3.14.5\Lib\http\server.py", line 732, in __init__
    super().__init__(*args, **kwargs)
    ~~~~~~~~~~~~~~~~^^^^^^^^^^^^^^^^^
  File "D:\Learning_tools\python_new_3.14.5\Lib\socketserver.py", line 766, in __init__
    self.handle()
    ~~~~~~~~~~~^^
  File "D:\Learning_tools\python_new_3.14.5\Lib\http\server.py", line 496, in handle
    self.handle_one_request()
    ~~~~~~~~~~~~~~~~~~~~~~~^^
  File "D:\Learning_tools\python_new_3.14.5\Lib\http\server.py", line 484, in handle_one_request
    method()
    ~~~~~~^^
  File "D:\Learning_tools\python_new_3.14.5\Lib\http\server.py", line 739, in do_GET
    self.copyfile(f, self.wfile)
    ~~~~~~~~~~~~~^^^^^^^^^^^^^^^
  File "D:\Learning_tools\python_new_3.14.5\Lib\http\server.py", line 942, in copyfile
    shutil.copyfileobj(source, outputfile)
    ~~~~~~~~~~~~~~~~~~^^^^^^^^^^^^^^^^^^^^
  File "D:\Learning_tools\python_new_3.14.5\Lib\shutil.py", line 257, in copyfileobj
    fdst_write(buf)
    ~~~~~~~~~~^^^^^
  File "D:\Learning_tools\python_new_3.14.5\Lib\socketserver.py", line 845, in write
    self._sock.sendall(b)
    ~~~~~~~~~~~~~~~~~~^^^
ConnectionResetError: [WinError 10054] 远程主机强迫关闭了一个现有的连接。
----------------------------------------
::1 - - [23/Aug/2026 19:18:17] "GET /pages/map.html HTTP/1.1" 200 -
::1 - - [23/Aug/2026 19:18:17] "GET /js/pages/map.js?v=20260823c HTTP/1.1" 200 -
::1 - - [23/Aug/2026 19:18:18] "GET /pages/map.html?nocache=1787483898040 HTTP/1.1" 200 -
::1 - - [23/Aug/2026 19:18:18] "GET /assets/bg/scene3.mp4 HTTP/1.1" 200 -
----------------------------------------
Exception occurred during processing of request from ('::1', 57803, 0, 0)
Traceback (most recent call last):
  File "D:\Learning_tools\python_new_3.14.5\Lib\socketserver.py", line 697, in process_request_thread
    self.finish_request(request, client_address)
    ~~~~~~~~~~~~~~~~~~~^^^^^^^^^^^^^^^^^^^^^^^^^
  File "D:\Learning_tools\python_new_3.14.5\Lib\http\server.py", line 1422, in finish_request
    self.RequestHandlerClass(request, client_address, self,
    ~~~~~~~~~~~~~~~~~~~~~~~~^^^^^^^^^^^^^^^^^^^^^^^^^^^^^^^
                             directory=args.directory)
                             ^^^^^^^^^^^^^^^^^^^^^^^^^
  File "D:\Learning_tools\python_new_3.14.5\Lib\http\server.py", line 732, in __init__
    super().__init__(*args, **kwargs)
    ~~~~~~~~~~~~~~~~^^^^^^^^^^^^^^^^^
  File "D:\Learning_tools\python_new_3.14.5\Lib\socketserver.py", line 766, in __init__
    self.handle()
    ~~~~~~~~~~~^^
  File "D:\Learning_tools\python_new_3.14.5\Lib\http\server.py", line 496, in handle
    self.handle_one_request()
    ~~~~~~~~~~~~~~~~~~~~~~~^^
  File "D:\Learning_tools\python_new_3.14.5\Lib\http\server.py", line 484, in handle_one_request
    method()
    ~~~~~~^^
  File "D:\Learning_tools\python_new_3.14.5\Lib\http\server.py", line 739, in do_GET
    self.copyfile(f, self.wfile)
    ~~~~~~~~~~~~~^^^^^^^^^^^^^^^
  File "D:\Learning_tools\python_new_3.14.5\Lib\http\server.py", line 942, in copyfile
    shutil.copyfileobj(source, outputfile)
    ~~~~~~~~~~~~~~~~~~^^^^^^^^^^^^^^^^^^^^
  File "D:\Learning_tools\python_new_3.14.5\Lib\shutil.py", line 257, in copyfileobj
    fdst_write(buf)
    ~~~~~~~~~~^^^^^
  File "D:\Learning_tools\python_new_3.14.5\Lib\socketserver.py", line 845, in write
    self._sock.sendall(b)
    ~~~~~~~~~~~~~~~~~~^^^
ConnectionResetError: [WinError 10054] 远程主机强迫关闭了一个现有的连接。
----------------------------------------
::1 - - [23/Aug/2026 19:18:18] "GET /assets/bg/scene3.mp4 HTTP/1.1" 200 -
----------------------------------------
Exception occurred during processing of request from ('::1', 63428, 0, 0)
Traceback (most recent call last):
::1 - - [23/Aug/2026 19:18:18] "GET /js/pages/map.js?v=20260823c HTTP/1.1" 304 -
  File "D:\Learning_tools\python_new_3.14.5\Lib\socketserver.py", line 697, in process_request_thread
    self.finish_request(request, client_address)
    ~~~~~~~~~~~~~~~~~~~^^^^^^^^^^^^^^^^^^^^^^^^^
  File "D:\Learning_tools\python_new_3.14.5\Lib\http\server.py", line 1422, in finish_request
    self.RequestHandlerClass(request, client_address, self,
    ~~~~~~~~~~~~~~~~~~~~~~~~^^^^^^^^^^^^^^^^^^^^^^^^^^^^^^^
                             directory=args.directory)
                             ^^^^^^^^^^^^^^^^^^^^^^^^^
  File "D:\Learning_tools\python_new_3.14.5\Lib\http\server.py", line 732, in __init__
    super().__init__(*args, **kwargs)
    ~~~~~~~~~~~~~~~~^^^^^^^^^^^^^^^^^
  File "D:\Learning_tools\python_new_3.14.5\Lib\socketserver.py", line 766, in __init__
    self.handle()
    ~~~~~~~~~~~^^
  File "D:\Learning_tools\python_new_3.14.5\Lib\http\server.py", line 496, in handle
    self.handle_one_request()
    ~~~~~~~~~~~~~~~~~~~~~~~^^
  File "D:\Learning_tools\python_new_3.14.5\Lib\http\server.py", line 484, in handle_one_request
    method()
    ~~~~~~^^
  File "D:\Learning_tools\python_new_3.14.5\Lib\http\server.py", line 739, in do_GET
    self.copyfile(f, self.wfile)
    ~~~~~~~~~~~~~^^^^^^^^^^^^^^^
  File "D:\Learning_tools\python_new_3.14.5\Lib\http\server.py", line 942, in copyfile
    shutil.copyfileobj(source, outputfile)
    ~~~~~~~~~~~~~~~~~~^^^^^^^^^^^^^^^^^^^^
  File "D:\Learning_tools\python_new_3.14.5\Lib\shutil.py", line 257, in copyfileobj
    fdst_write(buf)
    ~~~~~~~~~~^^^^^
  File "D:\Learning_tools\python_new_3.14.5\Lib\socketserver.py", line 845, in write
    self._sock.sendall(b)
    ~~~~~~~~~~~~~~~~~~^^^
ConnectionAbortedError: [WinError 10053] 你的主机中的软件中止了一个已建立的连接。
----------------------------------------
::1 - - [23/Aug/2026 19:18:49] "GET /assets/bg/scene3.mp4 HTTP/1.1" 200 -
::1 - - [23/Aug/2026 19:18:49] "GET /assets/bg/scene3.mp4 HTTP/1.1" 200 -
----------------------------------------
Exception occurred during processing of request from ('::1', 51303, 0, 0)
Traceback (most recent call last):
  File "D:\Learning_tools\python_new_3.14.5\Lib\socketserver.py", line 697, in process_request_thread
    self.finish_request(request, client_address)
    ~~~~~~~~~~~~~~~~~~~^^^^^^^^^^^^^^^^^^^^^^^^^
  File "D:\Learning_tools\python_new_3.14.5\Lib\http\server.py", line 1422, in finish_request
    self.RequestHandlerClass(request, client_address, self,
    ~~~~~~~~~~~~~~~~~~~~~~~~^^^^^^^^^^^^^^^^^^^^^^^^^^^^^^^
                             directory=args.directory)
                             ^^^^^^^^^^^^^^^^^^^^^^^^^
  File "D:\Learning_tools\python_new_3.14.5\Lib\http\server.py", line 732, in __init__
    super().__init__(*args, **kwargs)
    ~~~~~~~~~~~~~~~~^^^^^^^^^^^^^^^^^
  File "D:\Learning_tools\python_new_3.14.5\Lib\socketserver.py", line 766, in __init__
    self.handle()
    ~~~~~~~~~~~^^
  File "D:\Learning_tools\python_new_3.14.5\Lib\http\server.py", line 496, in handle
    self.handle_one_request()
    ~~~~~~~~~~~~~~~~~~~~~~~^^
  File "D:\Learning_tools\python_new_3.14.5\Lib\http\server.py", line 484, in handle_one_request
    method()
    ~~~~~~^^
  File "D:\Learning_tools\python_new_3.14.5\Lib\http\server.py", line 739, in do_GET
    self.copyfile(f, self.wfile)
    ~~~~~~~~~~~~~^^^^^^^^^^^^^^^
  File "D:\Learning_tools\python_new_3.14.5\Lib\http\server.py", line 942, in copyfile
    shutil.copyfileobj(source, outputfile)
    ~~~~~~~~~~~~~~~~~~^^^^^^^^^^^^^^^^^^^^
  File "D:\Learning_tools\python_new_3.14.5\Lib\shutil.py", line 257, in copyfileobj
    fdst_write(buf)
    ~~~~~~~~~~^^^^^
  File "D:\Learning_tools\python_new_3.14.5\Lib\socketserver.py", line 845, in write
    self._sock.sendall(b)
    ~~~~~~~~~~~~~~~~~~^^^
ConnectionResetError: [WinError 10054] 远程主机强迫关闭了一个现有的连接。
----------------------------------------
::1 - - [23/Aug/2026 19:18:52] "GET /pages/map.html HTTP/1.1" 304 -
::1 - - [23/Aug/2026 19:18:52] "GET /js/pages/map.js?v=20260823c HTTP/1.1" 304 -
::1 - - [23/Aug/2026 19:18:52] "GET /assets/bg/scene3.mp4 HTTP/1.1" 200 -
::1 - - [23/Aug/2026 19:18:52] "GET /pages/map.html?nocache=1787483932936 HTTP/1.1" 200 -
::1 - - [23/Aug/2026 19:18:53] "GET /assets/bg/scene3.mp4 HTTP/1.1" 200 -
----------------------------------------
Exception occurred during processing of request from ----------------------------------------('::1', 56284, 0, 0)

Traceback (most recent call last):
Exception occurred during processing of request from  File "D:\Learning_tools\python_new_3.14.5\Lib\socketserver.py", line 697, in process_request_thread
    self.finish_request(request, client_address)
    ~~~~~~~~~~~~~~~~~~~^^^^^^^^^^^^^^^^^^^^^^^^^
 ('::1', 58852, 0, 0)  File "D:\Learning_tools\python_new_3.14.5\Lib\http\server.py", line 1422, in finish_request
    self.RequestHandlerClass(request, client_address, self,
    ~~~~~~~~~~~~~~~~~~~~~~~~^^^^^^^^^^^^^^^^^^^^^^^^^^^^^^^
                             directory=args.directory)
                             ^^^^^^^^^^^^^^^^^^^^^^^^^

  File "D:\Learning_tools\python_new_3.14.5\Lib\http\server.py", line 732, in __init__
    super().__init__(*args, **kwargs)
    ~~~~~~~~~~~~~~~~^^^^^^^^^^^^^^^^^
Traceback (most recent call last):
  File "D:\Learning_tools\python_new_3.14.5\Lib\socketserver.py", line 766, in __init__
    self.handle()
    ~~~~~~~~~~~^^
  File "D:\Learning_tools\python_new_3.14.5\Lib\socketserver.py", line 697, in process_request_thread
    self.finish_request(request, client_address)
    ~~~~~~~~~~~~~~~~~~~^^^^^^^^^^^^^^^^^^^^^^^^^
  File "D:\Learning_tools\python_new_3.14.5\Lib\http\server.py", line 1422, in finish_request
    self.RequestHandlerClass(request, client_address, self,
    ~~~~~~~~~~~~~~~~~~~~~~~~^^^^^^^^^^^^^^^^^^^^^^^^^^^^^^^
                             directory=args.directory)
                             ^^^^^^^^^^^^^^^^^^^^^^^^^
  File "D:\Learning_tools\python_new_3.14.5\Lib\http\server.py", line 496, in handle
    self.handle_one_request()
    ~~~~~~~~~~~~~~~~~~~~~~~^^
  File "D:\Learning_tools\python_new_3.14.5\Lib\http\server.py", line 484, in handle_one_request
    method()
    ~~~~~~^^
  File "D:\Learning_tools\python_new_3.14.5\Lib\http\server.py", line 732, in __init__
    super().__init__(*args, **kwargs)
    ~~~~~~~~~~~~~~~~^^^^^^^^^^^^^^^^^
  File "D:\Learning_tools\python_new_3.14.5\Lib\http\server.py", line 739, in do_GET
    self.copyfile(f, self.wfile)
    ~~~~~~~~~~~~~^^^^^^^^^^^^^^^
  File "D:\Learning_tools\python_new_3.14.5\Lib\socketserver.py", line 766, in __init__
    self.handle()
    ~~~~~~~~~~~^^
  File "D:\Learning_tools\python_new_3.14.5\Lib\http\server.py", line 942, in copyfile
    shutil.copyfileobj(source, outputfile)
    ~~~~~~~~~~~~~~~~~~^^^^^^^^^^^^^^^^^^^^
  File "D:\Learning_tools\python_new_3.14.5\Lib\http\server.py", line 496, in handle
    self.handle_one_request()
    ~~~~~~~~~~~~~~~~~~~~~~~^^
  File "D:\Learning_tools\python_new_3.14.5\Lib\shutil.py", line 257, in copyfileobj
    fdst_write(buf)
    ~~~~~~~~~~^^^^^
  File "D:\Learning_tools\python_new_3.14.5\Lib\http\server.py", line 484, in handle_one_request
    method()
    ~~~~~~^^
  File "D:\Learning_tools\python_new_3.14.5\Lib\socketserver.py", line 845, in write
    self._sock.sendall(b)
    ~~~~~~~~~~~~~~~~~~^^^
  File "D:\Learning_tools\python_new_3.14.5\Lib\http\server.py", line 739, in do_GET
    self.copyfile(f, self.wfile)
    ~~~~~~~~~~~~~^^^^^^^^^^^^^^^
ConnectionResetError: [WinError 10054] 远程主机强迫关闭了一个现有的连接。
----------------------------------------
  File "D:\Learning_tools\python_new_3.14.5\Lib\http\server.py", line 942, in copyfile
    shutil.copyfileobj(source, outputfile)
    ~~~~~~~~~~~~~~~~~~^^^^^^^^^^^^^^^^^^^^
  File "D:\Learning_tools\python_new_3.14.5\Lib\shutil.py", line 257, in copyfileobj
    fdst_write(buf)
    ~~~~~~~~~~^^^^^
  File "D:\Learning_tools\python_new_3.14.5\Lib\socketserver.py", line 845, in write
    self._sock.sendall(b)
    ~~~~~~~~~~~~~~~~~~^^^
ConnectionAbortedError: [WinError 10053] 你的主机中的软件中止了一个已建立的连接。
----------------------------------------
::1 - - [23/Aug/2026 19:19:22] "GET /assets/bg/scene3.mp4 HTTP/1.1" 200 -
::1 - - [23/Aug/2026 19:19:23] "GET /assets/bg/scene3.mp4 HTTP/1.1" 200 -
----------------------------------------
Exception occurred during processing of request from ('::1', 56356, 0, 0)
Traceback (most recent call last):
  File "D:\Learning_tools\python_new_3.14.5\Lib\socketserver.py", line 697, in process_request_thread
    self.finish_request(request, client_address)
    ~~~~~~~~~~~~~~~~~~~^^^^^^^^^^^^^^^^^^^^^^^^^
  File "D:\Learning_tools\python_new_3.14.5\Lib\http\server.py", line 1422, in finish_request
    self.RequestHandlerClass(request, client_address, self,
    ~~~~~~~~~~~~~~~~~~~~~~~~^^^^^^^^^^^^^^^^^^^^^^^^^^^^^^^
                             directory=args.directory)
                             ^^^^^^^^^^^^^^^^^^^^^^^^^
  File "D:\Learning_tools\python_new_3.14.5\Lib\http\server.py", line 732, in __init__
    super().__init__(*args, **kwargs)
    ~~~~~~~~~~~~~~~~^^^^^^^^^^^^^^^^^
  File "D:\Learning_tools\python_new_3.14.5\Lib\socketserver.py", line 766, in __init__
    self.handle()
    ~~~~~~~~~~~^^
  File "D:\Learning_tools\python_new_3.14.5\Lib\http\server.py", line 496, in handle
    self.handle_one_request()
    ~~~~~~~~~~~~~~~~~~~~~~~^^
  File "D:\Learning_tools\python_new_3.14.5\Lib\http\server.py", line 484, in handle_one_request
    method()
    ~~~~~~^^
  File "D:\Learning_tools\python_new_3.14.5\Lib\http\server.py", line 739, in do_GET
    self.copyfile(f, self.wfile)
    ~~~~~~~~~~~~~^^^^^^^^^^^^^^^
  File "D:\Learning_tools\python_new_3.14.5\Lib\http\server.py", line 942, in copyfile
    shutil.copyfileobj(source, outputfile)
    ~~~~~~~~~~~~~~~~~~^^^^^^^^^^^^^^^^^^^^
  File "D:\Learning_tools\python_new_3.14.5\Lib\shutil.py", line 257, in copyfileobj
    fdst_write(buf)
    ~~~~~~~~~~^^^^^
  File "D:\Learning_tools\python_new_3.14.5\Lib\socketserver.py", line 845, in write
    self._sock.sendall(b)
    ~~~~~~~~~~~~~~~~~~^^^
ConnectionResetError: [WinError 10054] 远程主机强迫关闭了一个现有的连接。
----------------------------------------
::1 - - [23/Aug/2026 19:19:32] "GET /pages/map.html HTTP/1.1" 200 -
::1 - - [23/Aug/2026 19:19:32] "GET /css/tokens.css?v=20260823c HTTP/1.1" 200 -
::1 - - [23/Aug/2026 19:19:32] "GET /css/shell.css?v=20260823c HTTP/1.1" 200 -
::1 - - [23/Aug/2026 19:19:32] "GET /css/components.css?v=20260823c HTTP/1.1" 200 -
::1 - - [23/Aug/2026 19:19:32] "GET /css/legacy-views.css?v=20260823c HTTP/1.1" 200 -
::1 - - [23/Aug/2026 19:19:32] "GET /js/api.js?v=20260823c HTTP/1.1" 200 -
::1 - - [23/Aug/2026 19:19:32] "GET /js/runtime-core.js?v=20260823c HTTP/1.1" 200 -
::1 - - [23/Aug/2026 19:19:32] "GET /js/cinema-bg.js?v=20260823c HTTP/1.1" 200 -
::1 - - [23/Aug/2026 19:19:32] "GET /js/shell.js?v=20260823c HTTP/1.1" 200 -
::1 - - [23/Aug/2026 19:19:32] "GET /js/cinema-music.js?v=20260823c HTTP/1.1" 200 -
::1 - - [23/Aug/2026 19:19:32] "GET /js/pages/map.js?v=20260823c HTTP/1.1" 200 -
::1 - - [23/Aug/2026 19:19:38] "GET /assets/brand/logo.png HTTP/1.1" 200 -
::1 - - [23/Aug/2026 19:19:38] "GET /assets/bg/scene3.mp4 HTTP/1.1" 200 -
::1 - - [23/Aug/2026 19:19:39] "GET /assets/china-geo.json HTTP/1.1" 200 -
::1 - - [23/Aug/2026 19:19:43] code 404, message File not found
::1 - - [23/Aug/2026 19:19:43] "GET /favicon.ico HTTP/1.1" 404 -
::1 - - [23/Aug/2026 19:19:56] "GET /pages/map.html HTTP/1.1" 304 -
::1 - - [23/Aug/2026 19:19:56] "GET /js/pages/map.js?v=20260823c HTTP/1.1" 304 -
::1 - - [23/Aug/2026 19:19:56] "GET /assets/bg/scene3.mp4 HTTP/1.1" 200 -
::1 - - [23/Aug/2026 19:19:56] "GET /assets/bg/scene3.mp4 HTTP/1.1" 200 -
----------------------------------------
Exception occurred during processing of request from ('::1', 52376, 0, 0)
Traceback (most recent call last):
  File "D:\Learning_tools\python_new_3.14.5\Lib\socketserver.py", line 697, in process_request_thread
    self.finish_request(request, client_address)
    ~~~~~~~~~~~~~~~~~~~^^^^^^^^^^^^^^^^^^^^^^^^^
  File "D:\Learning_tools\python_new_3.14.5\Lib\http\server.py", line 1422, in finish_request
    self.RequestHandlerClass(request, client_address, self,
    ~~~~~~~~~~~~~~~~~~~~~~~~^^^^^^^^^^^^^^^^^^^^^^^^^^^^^^^
                             directory=args.directory)
                             ^^^^^^^^^^^^^^^^^^^^^^^^^
  File "D:\Learning_tools\python_new_3.14.5\Lib\http\server.py", line 732, in __init__
    super().__init__(*args, **kwargs)
    ~~~~~~~~~~~~~~~~^^^^^^^^^^^^^^^^^
  File "D:\Learning_tools\python_new_3.14.5\Lib\socketserver.py", line 766, in __init__
    self.handle()
    ~~~~~~~~~~~^^
  File "D:\Learning_tools\python_new_3.14.5\Lib\http\server.py", line 496, in handle
    self.handle_one_request()
    ~~~~~~~~~~~~~~~~~~~~~~~^^
  File "D:\Learning_tools\python_new_3.14.5\Lib\http\server.py", line 484, in handle_one_request
    method()
    ~~~~~~^^
  File "D:\Learning_tools\python_new_3.14.5\Lib\http\server.py", line 739, in do_GET
    self.copyfile(f, self.wfile)
    ~~~~~~~~~~~~~^^^^^^^^^^^^^^^
  File "D:\Learning_tools\python_new_3.14.5\Lib\http\server.py", line 942, in copyfile
    shutil.copyfileobj(source, outputfile)
    ~~~~~~~~~~~~~~~~~~^^^^^^^^^^^^^^^^^^^^
  File "D:\Learning_tools\python_new_3.14.5\Lib\shutil.py", line 257, in copyfileobj
    fdst_write(buf)
    ~~~~~~~~~~^^^^^
  File "D:\Learning_tools\python_new_3.14.5\Lib\socketserver.py", line 845, in write
    self._sock.sendall(b)
    ~~~~~~~~~~~~~~~~~~^^^
ConnectionResetError: [WinError 10054] 远程主机强迫关闭了一个现有的连接。
----------------------------------------
::1 - - [23/Aug/2026 19:20:48] "GET /pages/map.html HTTP/1.1" 304 -
::1 - - [23/Aug/2026 19:20:48] "GET /js/pages/map.js?v=20260823c HTTP/1.1" 304 -
::1 - - [23/Aug/2026 19:20:48] "GET /assets/bg/scene3.mp4 HTTP/1.1" 200 -
::1 - - [23/Aug/2026 19:20:48] "GET /assets/bg/scene3.mp4 HTTP/1.1" 200 -
----------------------------------------
Exception occurred during processing of request from ('::1', 64491, 0, 0)
Traceback (most recent call last):
  File "D:\Learning_tools\python_new_3.14.5\Lib\socketserver.py", line 697, in process_request_thread
    self.finish_request(request, client_address)
    ~~~~~~~~~~~~~~~~~~~^^^^^^^^^^^^^^^^^^^^^^^^^
  File "D:\Learning_tools\python_new_3.14.5\Lib\http\server.py", line 1422, in finish_request
    self.RequestHandlerClass(request, client_address, self,
    ~~~~~~~~~~~~~~~~~~~~~~~~^^^^^^^^^^^^^^^^^^^^^^^^^^^^^^^
                             directory=args.directory)
                             ^^^^^^^^^^^^^^^^^^^^^^^^^
  File "D:\Learning_tools\python_new_3.14.5\Lib\http\server.py", line 732, in __init__
    super().__init__(*args, **kwargs)
    ~~~~~~~~~~~~~~~~^^^^^^^^^^^^^^^^^
  File "D:\Learning_tools\python_new_3.14.5\Lib\socketserver.py", line 766, in __init__
    self.handle()
    ~~~~~~~~~~~^^
  File "D:\Learning_tools\python_new_3.14.5\Lib\http\server.py", line 496, in handle
    self.handle_one_request()
    ~~~~~~~~~~~~~~~~~~~~~~~^^
  File "D:\Learning_tools\python_new_3.14.5\Lib\http\server.py", line 484, in handle_one_request
    method()
    ~~~~~~^^
  File "D:\Learning_tools\python_new_3.14.5\Lib\http\server.py", line 739, in do_GET
    self.copyfile(f, self.wfile)
    ~~~~~~~~~~~~~^^^^^^^^^^^^^^^
  File "D:\Learning_tools\python_new_3.14.5\Lib\http\server.py", line 942, in copyfile
    shutil.copyfileobj(source, outputfile)
    ~~~~~~~~~~~~~~~~~~^^^^^^^^^^^^^^^^^^^^
  File "D:\Learning_tools\python_new_3.14.5\Lib\shutil.py", line 257, in copyfileobj
    fdst_write(buf)
    ~~~~~~~~~~^^^^^
  File "D:\Learning_tools\python_new_3.14.5\Lib\socketserver.py", line 845, in write
    self._sock.sendall(b)
    ~~~~~~~~~~~~~~~~~~^^^
ConnectionResetError: [WinError 10054] 远程主机强迫关闭了一个现有的连接。
----------------------------------------
::1 - - [23/Aug/2026 19:20:59] "GET /index.html HTTP/1.1" 200 -
::1 - - [23/Aug/2026 19:20:59] "GET /css/cinema.css?v=34 HTTP/1.1" 200 -
::1 - - [23/Aug/2026 19:20:59] "GET /js/entry.js?v=34 HTTP/1.1" 200 -
::1 - - [23/Aug/2026 19:20:59] "GET /js/project-cards.js?v=34 HTTP/1.1" 200 -
::1 - - [23/Aug/2026 19:20:59] "GET /assets/brand/logo.png?v=14 HTTP/1.1" 200 -
::1 - - [23/Aug/2026 19:20:59] "GET /assets/bg/scene1.mp4 HTTP/1.1" 200 -
::1 - - [23/Aug/2026 19:21:05] "GET /assets/bg/transition_1_2.mp4 HTTP/1.1" 200 -
::1 - - [23/Aug/2026 19:29:44] "GET /pages/map.html HTTP/1.1" 200 -
::1 - - [23/Aug/2026 19:29:44] "GET /css/tokens.css?v=20260823c HTTP/1.1" 200 -
::1 - - [23/Aug/2026 19:29:44] "GET /css/shell.css?v=20260823c HTTP/1.1" 200 -
::1 - - [23/Aug/2026 19:29:44] "GET /css/components.css?v=20260823c HTTP/1.1" 200 -
::1 - - [23/Aug/2026 19:29:44] "GET /css/legacy-views.css?v=20260823c HTTP/1.1" 200 -
::1 - - [23/Aug/2026 19:29:44] "GET /js/api.js?v=20260823c HTTP/1.1" 200 -
::1 - - [23/Aug/2026 19:29:44] "GET /js/runtime-core.js?v=20260823c HTTP/1.1" 200 -
::1 - - [23/Aug/2026 19:29:44] "GET /js/cinema-bg.js?v=20260823c HTTP/1.1" 200 -
::1 - - [23/Aug/2026 19:29:44] "GET /js/cinema-music.js?v=20260823c HTTP/1.1" 200 -
::1 - - [23/Aug/2026 19:29:44] "GET /js/shell.js?v=20260823c HTTP/1.1" 200 -
::1 - - [23/Aug/2026 19:29:44] "GET /js/pages/map.js?v=20260823c HTTP/1.1" 200 -
::1 - - [23/Aug/2026 19:29:45] code 404, message File not found
::1 - - [23/Aug/2026 19:29:45] "GET /hybridaction/zybTrackerStatisticsAction?data=%7B%7D&__callback__=__cb__zybTrackerStatisticsAction__35de0d5b_6c0f_4498_8181_0ca6d9e3a407__0 HTTP/1.1" 404 -
::1 - - [23/Aug/2026 19:29:46] code 404, message File not found
::1 - - [23/Aug/2026 19:29:46] "GET /hybridaction/zybTrackerStatisticsAction?data=%7B%7D&__callback__=__cb__zybTrackerStatisticsAction__b89bd0ec_0142_4a02_ad3a_68e7e5e604fa__1 HTTP/1.1" 404 -
::1 - - [23/Aug/2026 19:41:29] "GET /pages/map.html HTTP/1.1" 200 -
::1 - - [23/Aug/2026 19:41:29] "GET /css/tokens.css?v=20260823c HTTP/1.1" 200 -
::1 - - [23/Aug/2026 19:41:29] "GET /css/components.css?v=20260823c HTTP/1.1" 200 -
::1 - - [23/Aug/2026 19:41:29] "GET /css/shell.css?v=20260823c HTTP/1.1" 200 -
::1 - - [23/Aug/2026 19:41:29] "GET /css/legacy-views.css?v=20260823c HTTP/1.1" 200 -
::1 - - [23/Aug/2026 19:41:30] "GET /js/api.js?v=20260823c HTTP/1.1" 200 -
::1 - - [23/Aug/2026 19:41:30] "GET /js/runtime-core.js?v=20260823c HTTP/1.1" 200 -
::1 - - [23/Aug/2026 19:41:30] "GET /js/cinema-bg.js?v=20260823c HTTP/1.1" 200 -
::1 - - [23/Aug/2026 19:41:30] "GET /js/cinema-music.js?v=20260823c HTTP/1.1" 200 -
::1 - - [23/Aug/2026 19:41:30] "GET /js/shell.js?v=20260823c HTTP/1.1" 200 -
::1 - - [23/Aug/2026 19:41:30] "GET /js/pages/map.js?v=20260823c HTTP/1.1" 200 -
::1 - - [23/Aug/2026 19:41:39] "GET /assets/brand/logo.png HTTP/1.1" 200 -
::1 - - [23/Aug/2026 19:41:39] "GET /assets/bg/scene3.mp4 HTTP/1.1" 200 -
::1 - - [23/Aug/2026 19:41:40] "GET /assets/china-geo.json HTTP/1.1" 200 -
::1 - - [23/Aug/2026 19:41:45] code 404, message File not found
::1 - - [23/Aug/2026 19:41:45] "GET /favicon.ico HTTP/1.1" 404 -
::1 - - [23/Aug/2026 19:42:03] "GET /pages/map.html HTTP/1.1" 304 -
::1 - - [23/Aug/2026 19:42:03] "GET /css/legacy-views.css?v=20260823c HTTP/1.1" 304 -
::1 - - [23/Aug/2026 19:42:03] "GET /assets/bg/scene3.mp4 HTTP/1.1" 200 -
::1 - - [23/Aug/2026 19:42:03] "GET /assets/bg/scene3.mp4 HTTP/1.1" 200 -
----------------------------------------
Exception occurred during processing of request from ('::1', 52938, 0, 0)
Traceback (most recent call last):
  File "D:\Learning_tools\python_new_3.14.5\Lib\socketserver.py", line 697, in process_request_thread
    self.finish_request(request, client_address)
    ~~~~~~~~~~~~~~~~~~~^^^^^^^^^^^^^^^^^^^^^^^^^
  File "D:\Learning_tools\python_new_3.14.5\Lib\http\server.py", line 1422, in finish_request
    self.RequestHandlerClass(request, client_address, self,
    ~~~~~~~~~~~~~~~~~~~~~~~~^^^^^^^^^^^^^^^^^^^^^^^^^^^^^^^
                             directory=args.directory)
                             ^^^^^^^^^^^^^^^^^^^^^^^^^
  File "D:\Learning_tools\python_new_3.14.5\Lib\http\server.py", line 732, in __init__
    super().__init__(*args, **kwargs)
    ~~~~~~~~~~~~~~~~^^^^^^^^^^^^^^^^^
  File "D:\Learning_tools\python_new_3.14.5\Lib\socketserver.py", line 766, in __init__
    self.handle()
    ~~~~~~~~~~~^^
  File "D:\Learning_tools\python_new_3.14.5\Lib\http\server.py", line 496, in handle
    self.handle_one_request()
    ~~~~~~~~~~~~~~~~~~~~~~~^^
  File "D:\Learning_tools\python_new_3.14.5\Lib\http\server.py", line 484, in handle_one_request
    method()
    ~~~~~~^^
  File "D:\Learning_tools\python_new_3.14.5\Lib\http\server.py", line 739, in do_GET
    self.copyfile(f, self.wfile)
    ~~~~~~~~~~~~~^^^^^^^^^^^^^^^
  File "D:\Learning_tools\python_new_3.14.5\Lib\http\server.py", line 942, in copyfile
    shutil.copyfileobj(source, outputfile)
    ~~~~~~~~~~~~~~~~~~^^^^^^^^^^^^^^^^^^^^
  File "D:\Learning_tools\python_new_3.14.5\Lib\shutil.py", line 257, in copyfileobj
    fdst_write(buf)
    ~~~~~~~~~~^^^^^
  File "D:\Learning_tools\python_new_3.14.5\Lib\socketserver.py", line 845, in write
    self._sock.sendall(b)
    ~~~~~~~~~~~~~~~~~~^^^
ConnectionResetError: [WinError 10054] 远程主机强迫关闭了一个现有的连接。
----------------------------------------
::1 - - [23/Aug/2026 19:44:01] "GET /pages/map.html HTTP/1.1" 200 -
::1 - - [23/Aug/2026 19:44:01] "GET /css/tokens.css?v=20260823d HTTP/1.1" 200 -
::1 - - [23/Aug/2026 19:44:01] "GET /css/shell.css?v=20260823d HTTP/1.1" 200 -
::1 - - [23/Aug/2026 19:44:01] "GET /css/components.css?v=20260823d HTTP/1.1" 200 -
::1 - - [23/Aug/2026 19:44:01] "GET /css/legacy-views.css?v=20260823d HTTP/1.1" 200 -
::1 - - [23/Aug/2026 19:44:01] "GET /js/api.js?v=20260823c HTTP/1.1" 200 -
::1 - - [23/Aug/2026 19:44:01] "GET /js/runtime-core.js?v=20260823c HTTP/1.1" 200 -
::1 - - [23/Aug/2026 19:44:01] "GET /js/cinema-bg.js?v=20260823c HTTP/1.1" 200 -
::1 - - [23/Aug/2026 19:44:01] "GET /js/cinema-music.js?v=20260823c HTTP/1.1" 200 -
::1 - - [23/Aug/2026 19:44:01] "GET /js/shell.js?v=20260823c HTTP/1.1" 200 -
::1 - - [23/Aug/2026 19:44:01] "GET /js/pages/map.js?v=20260823c HTTP/1.1" 200 -
::1 - - [23/Aug/2026 19:44:07] "GET /assets/brand/logo.png HTTP/1.1" 200 -
::1 - - [23/Aug/2026 19:44:08] "GET /assets/bg/scene3.mp4 HTTP/1.1" 200 -
::1 - - [23/Aug/2026 19:44:08] "GET /assets/china-geo.json HTTP/1.1" 200 -
::1 - - [23/Aug/2026 19:44:16] code 404, message File not found
::1 - - [23/Aug/2026 19:44:16] "GET /favicon.ico HTTP/1.1" 404 -
::1 - - [23/Aug/2026 19:44:24] "GET /pages/map.html HTTP/1.1" 304 -
::1 - - [23/Aug/2026 19:44:24] "GET /css/legacy-views.css?v=20260823d HTTP/1.1" 304 -
::1 - - [23/Aug/2026 19:44:24] "GET /assets/bg/scene3.mp4 HTTP/1.1" 200 -
::1 - - [23/Aug/2026 19:44:24] "GET /assets/bg/scene3.mp4 HTTP/1.1" 200 -
::1 - - [23/Aug/2026 19:49:56] "GET /pages/map.html HTTP/1.1" 304 -
::1 - - [23/Aug/2026 19:49:56] "GET /css/legacy-views.css?v=20260823d HTTP/1.1" 304 -
::1 - - [23/Aug/2026 19:49:56] "GET /js/pages/map.js?v=20260823c HTTP/1.1" 304 -
::1 - - [23/Aug/2026 19:49:57] "GET /assets/bg/scene3.mp4 HTTP/1.1" 200 -
::1 - - [23/Aug/2026 19:49:57] "GET /assets/bg/scene3.mp4 HTTP/1.1" 200 -
----------------------------------------
Exception occurred during processing of request from ('::1', 56544, 0, 0)
Traceback (most recent call last):
  File "D:\Learning_tools\python_new_3.14.5\Lib\socketserver.py", line 697, in process_request_thread
    self.finish_request(request, client_address)
    ~~~~~~~~~~~~~~~~~~~^^^^^^^^^^^^^^^^^^^^^^^^^
  File "D:\Learning_tools\python_new_3.14.5\Lib\http\server.py", line 1422, in finish_request
    self.RequestHandlerClass(request, client_address, self,
    ~~~~~~~~~~~~~~~~~~~~~~~~^^^^^^^^^^^^^^^^^^^^^^^^^^^^^^^
                             directory=args.directory)
                             ^^^^^^^^^^^^^^^^^^^^^^^^^
  File "D:\Learning_tools\python_new_3.14.5\Lib\http\server.py", line 732, in __init__
    super().__init__(*args, **kwargs)
    ~~~~~~~~~~~~~~~~^^^^^^^^^^^^^^^^^
  File "D:\Learning_tools\python_new_3.14.5\Lib\socketserver.py", line 766, in __init__
    self.handle()
    ~~~~~~~~~~~^^
  File "D:\Learning_tools\python_new_3.14.5\Lib\http\server.py", line 496, in handle
    self.handle_one_request()
    ~~~~~~~~~~~~~~~~~~~~~~~^^
  File "D:\Learning_tools\python_new_3.14.5\Lib\http\server.py", line 484, in handle_one_request
    method()
    ~~~~~~^^
  File "D:\Learning_tools\python_new_3.14.5\Lib\http\server.py", line 739, in do_GET
    self.copyfile(f, self.wfile)
    ~~~~~~~~~~~~~^^^^^^^^^^^^^^^
  File "D:\Learning_tools\python_new_3.14.5\Lib\http\server.py", line 942, in copyfile
    shutil.copyfileobj(source, outputfile)
    ~~~~~~~~~~~~~~~~~~^^^^^^^^^^^^^^^^^^^^
  File "D:\Learning_tools\python_new_3.14.5\Lib\shutil.py", line 257, in copyfileobj
    fdst_write(buf)
    ~~~~~~~~~~^^^^^
  File "D:\Learning_tools\python_new_3.14.5\Lib\socketserver.py", line 845, in write
    self._sock.sendall(b)
    ~~~~~~~~~~~~~~~~~~^^^
ConnectionResetError: [WinError 10054] 远程主机强迫关闭了一个现有的连接。
----------------------------------------
::1 - - [23/Aug/2026 19:52:03] "GET /pages/map.html HTTP/1.1" 200 -
::1 - - [23/Aug/2026 19:52:04] "GET /css/tokens.css?v=20260823d HTTP/1.1" 200 -
::1 - - [23/Aug/2026 19:52:04] "GET /css/shell.css?v=20260823d HTTP/1.1" 200 -
::1 - - [23/Aug/2026 19:52:04] "GET /css/legacy-views.css?v=20260823d HTTP/1.1" 200 -
::1 - - [23/Aug/2026 19:52:04] "GET /css/components.css?v=20260823d HTTP/1.1" 200 -
::1 - - [23/Aug/2026 19:52:04] "GET /js/pages/map.js?v=20260823c HTTP/1.1" 304 -
::1 - - [23/Aug/2026 19:52:05] code 404, message File not found
::1 - - [23/Aug/2026 19:52:05] "GET /hybridaction/zybTrackerStatisticsAction?data=%7B%7D&__callback__=__cb__zybTrackerStatisticsAction__f0f909b6_3c5d_4eaf_ae5b_6c4de1e960c5__0 HTTP/1.1" 404 -
::1 - - [23/Aug/2026 19:52:08] code 404, message File not found
::1 - - [23/Aug/2026 19:52:08] "GET /hybridaction/zybTrackerStatisticsAction?data=%7B%7D&__callback__=__cb__zybTrackerStatisticsAction__11cc67bb_1a79_4df0_9a1d_a43d45405783__1 HTTP/1.1" 404 -
::1 - - [23/Aug/2026 20:31:27] "GET /pages/map.html HTTP/1.1" 200 -
::1 - - [23/Aug/2026 20:31:27] "GET /css/tokens.css?v=20260823d HTTP/1.1" 200 -
::1 - - [23/Aug/2026 20:31:27] "GET /css/shell.css?v=20260824a HTTP/1.1" 200 -
::1 - - [23/Aug/2026 20:31:27] "GET /css/legacy-views.css?v=20260824a HTTP/1.1" 200 -
::1 - - [23/Aug/2026 20:31:27] "GET /css/components.css?v=20260824a HTTP/1.1" 200 -
::1 - - [23/Aug/2026 20:31:27] "GET /js/runtime-core.js?v=20260823c HTTP/1.1" 200 -
::1 - - [23/Aug/2026 20:31:27] "GET /js/cinema-bg.js?v=20260823c HTTP/1.1" 200 -
::1 - - [23/Aug/2026 20:31:27] "GET /js/api.js?v=20260823c HTTP/1.1" 200 -
::1 - - [23/Aug/2026 20:31:27] "GET /js/shell.js?v=20260823c HTTP/1.1" 200 -
::1 - - [23/Aug/2026 20:31:27] "GET /js/pages/map.js?v=20260823c HTTP/1.1" 200 -
::1 - - [23/Aug/2026 20:31:27] "GET /js/cinema-music.js?v=20260823c HTTP/1.1" 200 -
::1 - - [23/Aug/2026 20:31:36] "GET /assets/brand/logo.png HTTP/1.1" 200 -
::1 - - [23/Aug/2026 20:31:36] "GET /assets/bg/scene3.mp4 HTTP/1.1" 200 -
::1 - - [23/Aug/2026 20:31:36] "GET /assets/bg/scene3.mp4 HTTP/1.1" 200 -
----------------------------------------
Exception occurred during processing of request from ('::1', 58935, 0, 0)
Traceback (most recent call last):
  File "D:\Learning_tools\python_new_3.14.5\Lib\socketserver.py", line 697, in process_request_thread
    self.finish_request(request, client_address)
    ~~~~~~~~~~~~~~~~~~~^^^^^^^^^^^^^^^^^^^^^^^^^
  File "D:\Learning_tools\python_new_3.14.5\Lib\http\server.py", line 1422, in finish_request
    self.RequestHandlerClass(request, client_address, self,
    ~~~~~~~~~~~~~~~~~~~~~~~~^^^^^^^^^^^^^^^^^^^^^^^^^^^^^^^
                             directory=args.directory)
                             ^^^^^^^^^^^^^^^^^^^^^^^^^
  File "D:\Learning_tools\python_new_3.14.5\Lib\http\server.py", line 732, in __init__
    super().__init__(*args, **kwargs)
    ~~~~~~~~~~~~~~~~^^^^^^^^^^^^^^^^^
  File "D:\Learning_tools\python_new_3.14.5\Lib\socketserver.py", line 766, in __init__
    self.handle()
    ~~~~~~~~~~~^^
  File "D:\Learning_tools\python_new_3.14.5\Lib\http\server.py", line 496, in handle
    self.handle_one_request()
    ~~~~~~~~~~~~~~~~~~~~~~~^^
  File "D:\Learning_tools\python_new_3.14.5\Lib\http\server.py", line 484, in handle_one_request
    method()
    ~~~~~~^^
  File "D:\Learning_tools\python_new_3.14.5\Lib\http\server.py", line 739, in do_GET
    self.copyfile(f, self.wfile)
    ~~~~~~~~~~~~~^^^^^^^^^^^^^^^
  File "D:\Learning_tools\python_new_3.14.5\Lib\http\server.py", line 942, in copyfile
    shutil.copyfileobj(source, outputfile)
    ~~~~~~~~~~~~~~~~~~^^^^^^^^^^^^^^^^^^^^
  File "D:\Learning_tools\python_new_3.14.5\Lib\shutil.py", line 257, in copyfileobj
    fdst_write(buf)
    ~~~~~~~~~~^^^^^
  File "D:\Learning_tools\python_new_3.14.5\Lib\socketserver.py", line 845, in write
    self._sock.sendall(b)
    ~~~~~~~~~~~~~~~~~~^^^
ConnectionResetError: [WinError 10054] 远程主机强迫关闭了一个现有的连接。
----------------------------------------
::1 - - [23/Aug/2026 20:31:37] "GET /assets/china-geo.json HTTP/1.1" 200 -
::1 - - [23/Aug/2026 20:31:45] "GET /pages/map.html HTTP/1.1" 304 -
::1 - - [23/Aug/2026 20:31:45] "GET /assets/bg/scene3.mp4 HTTP/1.1" 200 -
::1 - - [23/Aug/2026 20:31:45] "GET /assets/bg/scene3.mp4 HTTP/1.1" 200 -
----------------------------------------
Exception occurred during processing of request from ('::1', 57621, 0, 0)
Traceback (most recent call last):
  File "D:\Learning_tools\python_new_3.14.5\Lib\socketserver.py", line 697, in process_request_thread
    self.finish_request(request, client_address)
    ~~~~~~~~~~~~~~~~~~~^^^^^^^^^^^^^^^^^^^^^^^^^
  File "D:\Learning_tools\python_new_3.14.5\Lib\http\server.py", line 1422, in finish_request
    self.RequestHandlerClass(request, client_address, self,
    ~~~~~~~~~~~~~~~~~~~~~~~~^^^^^^^^^^^^^^^^^^^^^^^^^^^^^^^
                             directory=args.directory)
                             ^^^^^^^^^^^^^^^^^^^^^^^^^
  File "D:\Learning_tools\python_new_3.14.5\Lib\http\server.py", line 732, in __init__
    super().__init__(*args, **kwargs)
    ~~~~~~~~~~~~~~~~^^^^^^^^^^^^^^^^^
  File "D:\Learning_tools\python_new_3.14.5\Lib\socketserver.py", line 766, in __init__
    self.handle()
    ~~~~~~~~~~~^^
  File "D:\Learning_tools\python_new_3.14.5\Lib\http\server.py", line 496, in handle
    self.handle_one_request()
    ~~~~~~~~~~~~~~~~~~~~~~~^^
  File "D:\Learning_tools\python_new_3.14.5\Lib\http\server.py", line 484, in handle_one_request
    method()
    ~~~~~~^^
  File "D:\Learning_tools\python_new_3.14.5\Lib\http\server.py", line 739, in do_GET
    self.copyfile(f, self.wfile)
    ~~~~~~~~~~~~~^^^^^^^^^^^^^^^
  File "D:\Learning_tools\python_new_3.14.5\Lib\http\server.py", line 942, in copyfile
    shutil.copyfileobj(source, outputfile)
    ~~~~~~~~~~~~~~~~~~^^^^^^^^^^^^^^^^^^^^
  File "D:\Learning_tools\python_new_3.14.5\Lib\shutil.py", line 257, in copyfileobj
    fdst_write(buf)
    ~~~~~~~~~~^^^^^
  File "D:\Learning_tools\python_new_3.14.5\Lib\socketserver.py", line 845, in write
    self._sock.sendall(b)
    ~~~~~~~~~~~~~~~~~~^^^
ConnectionResetError: [WinError 10054] 远程主机强迫关闭了一个现有的连接。
----------------------------------------
::1 - - [23/Aug/2026 20:32:01] "GET /pages/map.html HTTP/1.1" 200 -
::1 - - [23/Aug/2026 20:32:01] "GET /css/tokens.css?v=20260823d HTTP/1.1" 200 -
::1 - - [23/Aug/2026 20:32:01] "GET /css/shell.css?v=20260824a HTTP/1.1" 200 -
::1 - - [23/Aug/2026 20:32:01] "GET /css/legacy-views.css?v=20260824a HTTP/1.1" 200 -
::1 - - [23/Aug/2026 20:32:01] "GET /css/components.css?v=20260824a HTTP/1.1" 200 -
::1 - - [23/Aug/2026 20:32:01] "GET /js/runtime-core.js?v=20260823c HTTP/1.1" 200 -
::1 - - [23/Aug/2026 20:32:01] "GET /js/api.js?v=20260823c HTTP/1.1" 200 -
::1 - - [23/Aug/2026 20:32:01] "GET /js/cinema-bg.js?v=20260823c HTTP/1.1" 200 -
::1 - - [23/Aug/2026 20:32:01] "GET /js/shell.js?v=20260823c HTTP/1.1" 200 -
::1 - - [23/Aug/2026 20:32:01] "GET /js/cinema-music.js?v=20260823c HTTP/1.1" 200 -
::1 - - [23/Aug/2026 20:32:01] "GET /js/pages/map.js?v=20260823c HTTP/1.1" 200 -
::1 - - [23/Aug/2026 20:32:13] "GET /assets/brand/logo.png HTTP/1.1" 200 -
::1 - - [23/Aug/2026 20:32:13] "GET /assets/bg/scene3.mp4 HTTP/1.1" 200 -
::1 - - [23/Aug/2026 20:32:13] "GET /assets/bg/scene3.mp4 HTTP/1.1" 200 -
----------------------------------------
Exception occurred during processing of request from ('::1', 65276, 0, 0)
Traceback (most recent call last):
  File "D:\Learning_tools\python_new_3.14.5\Lib\socketserver.py", line 697, in process_request_thread
    self.finish_request(request, client_address)
    ~~~~~~~~~~~~~~~~~~~^^^^^^^^^^^^^^^^^^^^^^^^^
  File "D:\Learning_tools\python_new_3.14.5\Lib\http\server.py", line 1422, in finish_request
    self.RequestHandlerClass(request, client_address, self,
    ~~~~~~~~~~~~~~~~~~~~~~~~^^^^^^^^^^^^^^^^^^^^^^^^^^^^^^^
                             directory=args.directory)
                             ^^^^^^^^^^^^^^^^^^^^^^^^^
  File "D:\Learning_tools\python_new_3.14.5\Lib\http\server.py", line 732, in __init__
    super().__init__(*args, **kwargs)
    ~~~~~~~~~~~~~~~~^^^^^^^^^^^^^^^^^
  File "D:\Learning_tools\python_new_3.14.5\Lib\socketserver.py", line 766, in __init__
    self.handle()
    ~~~~~~~~~~~^^
  File "D:\Learning_tools\python_new_3.14.5\Lib\http\server.py", line 496, in handle
    self.handle_one_request()
    ~~~~~~~~~~~~~~~~~~~~~~~^^
  File "D:\Learning_tools\python_new_3.14.5\Lib\http\server.py", line 484, in handle_one_request
    method()
    ~~~~~~^^
  File "D:\Learning_tools\python_new_3.14.5\Lib\http\server.py", line 739, in do_GET
    self.copyfile(f, self.wfile)
    ~~~~~~~~~~~~~^^^^^^^^^^^^^^^
  File "D:\Learning_tools\python_new_3.14.5\Lib\http\server.py", line 942, in copyfile
    shutil.copyfileobj(source, outputfile)
    ~~~~~~~~~~~~~~~~~~^^^^^^^^^^^^^^^^^^^^
  File "D:\Learning_tools\python_new_3.14.5\Lib\shutil.py", line 257, in copyfileobj
    fdst_write(buf)
    ~~~~~~~~~~^^^^^
  File "D:\Learning_tools\python_new_3.14.5\Lib\socketserver.py", line 845, in write
    self._sock.sendall(b)
    ~~~~~~~~~~~~~~~~~~^^^
ConnectionResetError: [WinError 10054] 远程主机强迫关闭了一个现有的连接。
----------------------------------------
::1 - - [23/Aug/2026 20:32:13] "GET /assets/china-geo.json HTTP/1.1" 200 -
::1 - - [23/Aug/2026 20:32:21] "GET /pages/map.html HTTP/1.1" 304 -
::1 - - [23/Aug/2026 20:32:21] "GET /assets/bg/scene3.mp4 HTTP/1.1" 200 -
::1 - - [23/Aug/2026 20:32:21] "GET /assets/bg/scene3.mp4 HTTP/1.1" 200 -
----------------------------------------
Exception occurred during processing of request from ('::1', 49152, 0, 0)
Traceback (most recent call last):
  File "D:\Learning_tools\python_new_3.14.5\Lib\socketserver.py", line 697, in process_request_thread
    self.finish_request(request, client_address)
    ~~~~~~~~~~~~~~~~~~~^^^^^^^^^^^^^^^^^^^^^^^^^
  File "D:\Learning_tools\python_new_3.14.5\Lib\http\server.py", line 1422, in finish_request
    self.RequestHandlerClass(request, client_address, self,
    ~~~~~~~~~~~~~~~~~~~~~~~~^^^^^^^^^^^^^^^^^^^^^^^^^^^^^^^
                             directory=args.directory)
                             ^^^^^^^^^^^^^^^^^^^^^^^^^
  File "D:\Learning_tools\python_new_3.14.5\Lib\http\server.py", line 732, in __init__
    super().__init__(*args, **kwargs)
    ~~~~~~~~~~~~~~~~^^^^^^^^^^^^^^^^^
  File "D:\Learning_tools\python_new_3.14.5\Lib\socketserver.py", line 766, in __init__
    self.handle()
    ~~~~~~~~~~~^^
  File "D:\Learning_tools\python_new_3.14.5\Lib\http\server.py", line 496, in handle
    self.handle_one_request()
    ~~~~~~~~~~~~~~~~~~~~~~~^^
  File "D:\Learning_tools\python_new_3.14.5\Lib\http\server.py", line 484, in handle_one_request
    method()
    ~~~~~~^^
  File "D:\Learning_tools\python_new_3.14.5\Lib\http\server.py", line 739, in do_GET
    self.copyfile(f, self.wfile)
    ~~~~~~~~~~~~~^^^^^^^^^^^^^^^
  File "D:\Learning_tools\python_new_3.14.5\Lib\http\server.py", line 942, in copyfile
    shutil.copyfileobj(source, outputfile)
    ~~~~~~~~~~~~~~~~~~^^^^^^^^^^^^^^^^^^^^
  File "D:\Learning_tools\python_new_3.14.5\Lib\shutil.py", line 257, in copyfileobj
    fdst_write(buf)
    ~~~~~~~~~~^^^^^
  File "D:\Learning_tools\python_new_3.14.5\Lib\socketserver.py", line 845, in write
    self._sock.sendall(b)
    ~~~~~~~~~~~~~~~~~~^^^
ConnectionResetError: [WinError 10054] 远程主机强迫关闭了一个现有的连接。
----------------------------------------
::1 - - [23/Aug/2026 20:32:27] "GET /pages/map.html HTTP/1.1" 304 -
::1 - - [23/Aug/2026 20:32:27] "GET /assets/bg/scene3.mp4 HTTP/1.1" 200 -
::1 - - [23/Aug/2026 20:32:28] "GET /assets/bg/scene3.mp4 HTTP/1.1" 200 -
----------------------------------------
Exception occurred during processing of request from ('::1', 54761, 0, 0)
Traceback (most recent call last):
  File "D:\Learning_tools\python_new_3.14.5\Lib\socketserver.py", line 697, in process_request_thread
    self.finish_request(request, client_address)
    ~~~~~~~~~~~~~~~~~~~^^^^^^^^^^^^^^^^^^^^^^^^^
  File "D:\Learning_tools\python_new_3.14.5\Lib\http\server.py", line 1422, in finish_request
    self.RequestHandlerClass(request, client_address, self,
    ~~~~~~~~~~~~~~~~~~~~~~~~^^^^^^^^^^^^^^^^^^^^^^^^^^^^^^^
                             directory=args.directory)
                             ^^^^^^^^^^^^^^^^^^^^^^^^^
  File "D:\Learning_tools\python_new_3.14.5\Lib\http\server.py", line 732, in __init__
    super().__init__(*args, **kwargs)
    ~~~~~~~~~~~~~~~~^^^^^^^^^^^^^^^^^
  File "D:\Learning_tools\python_new_3.14.5\Lib\socketserver.py", line 766, in __init__
    self.handle()
    ~~~~~~~~~~~^^
  File "D:\Learning_tools\python_new_3.14.5\Lib\http\server.py", line 496, in handle
    self.handle_one_request()
    ~~~~~~~~~~~~~~~~~~~~~~~^^
  File "D:\Learning_tools\python_new_3.14.5\Lib\http\server.py", line 484, in handle_one_request
    method()
    ~~~~~~^^
  File "D:\Learning_tools\python_new_3.14.5\Lib\http\server.py", line 739, in do_GET
    self.copyfile(f, self.wfile)
    ~~~~~~~~~~~~~^^^^^^^^^^^^^^^
  File "D:\Learning_tools\python_new_3.14.5\Lib\http\server.py", line 942, in copyfile
    shutil.copyfileobj(source, outputfile)
    ~~~~~~~~~~~~~~~~~~^^^^^^^^^^^^^^^^^^^^
  File "D:\Learning_tools\python_new_3.14.5\Lib\shutil.py", line 257, in copyfileobj
    fdst_write(buf)
    ~~~~~~~~~~^^^^^
  File "D:\Learning_tools\python_new_3.14.5\Lib\socketserver.py", line 845, in write
    self._sock.sendall(b)
    ~~~~~~~~~~~~~~~~~~^^^
ConnectionResetError: [WinError 10054] 远程主机强迫关闭了一个现有的连接。
----------------------------------------
::1 - - [23/Aug/2026 20:33:02] "GET /pages/map.html HTTP/1.1" 200 -
::1 - - [23/Aug/2026 20:33:02] "GET /css/tokens.css?v=20260823d HTTP/1.1" 200 -
::1 - - [23/Aug/2026 20:33:02] "GET /css/shell.css?v=20260824a HTTP/1.1" 200 -
::1 - - [23/Aug/2026 20:33:02] "GET /css/components.css?v=20260824a HTTP/1.1" 200 -
::1 - - [23/Aug/2026 20:33:02] "GET /css/legacy-views.css?v=20260824a HTTP/1.1" 200 -
::1 - - [23/Aug/2026 20:33:02] "GET /js/api.js?v=20260823c HTTP/1.1" 200 -
::1 - - [23/Aug/2026 20:33:02] "GET /js/runtime-core.js?v=20260823c HTTP/1.1" 200 -
::1 - - [23/Aug/2026 20:33:02] "GET /js/cinema-bg.js?v=20260823c HTTP/1.1" 200 -
::1 - - [23/Aug/2026 20:33:02] "GET /js/cinema-music.js?v=20260823c HTTP/1.1" 200 -
::1 - - [23/Aug/2026 20:33:02] "GET /js/shell.js?v=20260823c HTTP/1.1" 200 -
::1 - - [23/Aug/2026 20:33:02] "GET /js/pages/map.js?v=20260823c HTTP/1.1" 200 -
::1 - - [23/Aug/2026 20:33:09] "GET /assets/brand/logo.png HTTP/1.1" 200 -
::1 - - [23/Aug/2026 20:33:09] "GET /assets/bg/scene3.mp4 HTTP/1.1" 200 -
::1 - - [23/Aug/2026 20:33:09] "GET /assets/bg/scene3.mp4 HTTP/1.1" 200 -
::1 - - [23/Aug/2026 20:33:10] "GET /assets/china-geo.json HTTP/1.1" 200 -
::1 - - [23/Aug/2026 20:33:17] "GET /pages/map.html HTTP/1.1" 304 -
::1 - - [23/Aug/2026 20:33:17] "GET /assets/bg/scene3.mp4 HTTP/1.1" 200 -
::1 - - [23/Aug/2026 20:33:17] "GET /assets/bg/scene3.mp4 HTTP/1.1" 200 -
----------------------------------------
Exception occurred during processing of request from ('::1', 50330, 0, 0)
Traceback (most recent call last):
  File "D:\Learning_tools\python_new_3.14.5\Lib\socketserver.py", line 697, in process_request_thread
    self.finish_request(request, client_address)
    ~~~~~~~~~~~~~~~~~~~^^^^^^^^^^^^^^^^^^^^^^^^^
  File "D:\Learning_tools\python_new_3.14.5\Lib\http\server.py", line 1422, in finish_request
    self.RequestHandlerClass(request, client_address, self,
    ~~~~~~~~~~~~~~~~~~~~~~~~^^^^^^^^^^^^^^^^^^^^^^^^^^^^^^^
                             directory=args.directory)
                             ^^^^^^^^^^^^^^^^^^^^^^^^^
  File "D:\Learning_tools\python_new_3.14.5\Lib\http\server.py", line 732, in __init__
    super().__init__(*args, **kwargs)
    ~~~~~~~~~~~~~~~~^^^^^^^^^^^^^^^^^
  File "D:\Learning_tools\python_new_3.14.5\Lib\socketserver.py", line 766, in __init__
    self.handle()
    ~~~~~~~~~~~^^
  File "D:\Learning_tools\python_new_3.14.5\Lib\http\server.py", line 496, in handle
    self.handle_one_request()
    ~~~~~~~~~~~~~~~~~~~~~~~^^
  File "D:\Learning_tools\python_new_3.14.5\Lib\http\server.py", line 484, in handle_one_request
    method()
    ~~~~~~^^
  File "D:\Learning_tools\python_new_3.14.5\Lib\http\server.py", line 739, in do_GET
    self.copyfile(f, self.wfile)
    ~~~~~~~~~~~~~^^^^^^^^^^^^^^^
  File "D:\Learning_tools\python_new_3.14.5\Lib\http\server.py", line 942, in copyfile
    shutil.copyfileobj(source, outputfile)
    ~~~~~~~~~~~~~~~~~~^^^^^^^^^^^^^^^^^^^^
  File "D:\Learning_tools\python_new_3.14.5\Lib\shutil.py", line 257, in copyfileobj
    fdst_write(buf)
    ~~~~~~~~~~^^^^^
  File "D:\Learning_tools\python_new_3.14.5\Lib\socketserver.py", line 845, in write
    self._sock.sendall(b)
    ~~~~~~~~~~~~~~~~~~^^^
ConnectionResetError: [WinError 10054] 远程主机强迫关闭了一个现有的连接。
----------------------------------------
::1 - - [23/Aug/2026 20:33:23] "GET /pages/map.html HTTP/1.1" 304 -
::1 - - [23/Aug/2026 20:33:23] "GET /assets/bg/scene3.mp4 HTTP/1.1" 200 -
::1 - - [23/Aug/2026 20:33:23] "GET /assets/bg/scene3.mp4 HTTP/1.1" 200 -
----------------------------------------
Exception occurred during processing of request from ('::1', 63153, 0, 0)
Traceback (most recent call last):
  File "D:\Learning_tools\python_new_3.14.5\Lib\socketserver.py", line 697, in process_request_thread
    self.finish_request(request, client_address)
    ~~~~~~~~~~~~~~~~~~~^^^^^^^^^^^^^^^^^^^^^^^^^
  File "D:\Learning_tools\python_new_3.14.5\Lib\http\server.py", line 1422, in finish_request
    self.RequestHandlerClass(request, client_address, self,
    ~~~~~~~~~~~~~~~~~~~~~~~~^^^^^^^^^^^^^^^^^^^^^^^^^^^^^^^
                             directory=args.directory)
                             ^^^^^^^^^^^^^^^^^^^^^^^^^
  File "D:\Learning_tools\python_new_3.14.5\Lib\http\server.py", line 732, in __init__
    super().__init__(*args, **kwargs)
    ~~~~~~~~~~~~~~~~^^^^^^^^^^^^^^^^^
  File "D:\Learning_tools\python_new_3.14.5\Lib\socketserver.py", line 766, in __init__
    self.handle()
    ~~~~~~~~~~~^^
  File "D:\Learning_tools\python_new_3.14.5\Lib\http\server.py", line 496, in handle
    self.handle_one_request()
    ~~~~~~~~~~~~~~~~~~~~~~~^^
  File "D:\Learning_tools\python_new_3.14.5\Lib\http\server.py", line 484, in handle_one_request
    method()
    ~~~~~~^^
  File "D:\Learning_tools\python_new_3.14.5\Lib\http\server.py", line 739, in do_GET
    self.copyfile(f, self.wfile)
    ~~~~~~~~~~~~~^^^^^^^^^^^^^^^
  File "D:\Learning_tools\python_new_3.14.5\Lib\http\server.py", line 942, in copyfile
    shutil.copyfileobj(source, outputfile)
    ~~~~~~~~~~~~~~~~~~^^^^^^^^^^^^^^^^^^^^
  File "D:\Learning_tools\python_new_3.14.5\Lib\shutil.py", line 257, in copyfileobj
    fdst_write(buf)
    ~~~~~~~~~~^^^^^
  File "D:\Learning_tools\python_new_3.14.5\Lib\socketserver.py", line 845, in write
    self._sock.sendall(b)
    ~~~~~~~~~~~~~~~~~~^^^
ConnectionResetError: [WinError 10054] 远程主机强迫关闭了一个现有的连接。
----------------------------------------
::1 - - [23/Aug/2026 20:34:03] "GET /pages/map.html HTTP/1.1" 200 -
::1 - - [23/Aug/2026 20:34:03] "GET /css/tokens.css?v=20260823d HTTP/1.1" 200 -
::1 - - [23/Aug/2026 20:34:03] "GET /css/shell.css?v=20260824a HTTP/1.1" 200 -
::1 - - [23/Aug/2026 20:34:03] "GET /css/legacy-views.css?v=20260824a HTTP/1.1" 200 -
::1 - - [23/Aug/2026 20:34:03] "GET /css/components.css?v=20260824a HTTP/1.1" 200 -
::1 - - [23/Aug/2026 20:34:03] "GET /js/api.js?v=20260823c HTTP/1.1" 200 -
::1 - - [23/Aug/2026 20:34:03] "GET /js/runtime-core.js?v=20260823c HTTP/1.1" 200 -
::1 - - [23/Aug/2026 20:34:03] "GET /js/cinema-bg.js?v=20260823c HTTP/1.1" 200 -
::1 - - [23/Aug/2026 20:34:03] "GET /js/cinema-music.js?v=20260823c HTTP/1.1" 200 -
::1 - - [23/Aug/2026 20:34:03] "GET /js/shell.js?v=20260823c HTTP/1.1" 200 -
::1 - - [23/Aug/2026 20:34:03] "GET /js/pages/map.js?v=20260823c HTTP/1.1" 200 -
::1 - - [23/Aug/2026 20:34:13] "GET /assets/brand/logo.png HTTP/1.1" 200 -
::1 - - [23/Aug/2026 20:34:13] "GET /assets/bg/scene3.mp4 HTTP/1.1" 200 -
::1 - - [23/Aug/2026 20:34:13] "GET /assets/bg/scene3.mp4 HTTP/1.1" 200 -
::1 - - [23/Aug/2026 20:34:13] "GET /assets/china-geo.json HTTP/1.1" 200 -
::1 - - [23/Aug/2026 20:34:19] "GET /pages/map.html HTTP/1.1" 304 -
::1 - - [23/Aug/2026 20:34:19] "GET /assets/bg/scene3.mp4 HTTP/1.1" 200 -
::1 - - [23/Aug/2026 20:34:19] "GET /assets/bg/scene3.mp4 HTTP/1.1" 200 -
----------------------------------------
Exception occurred during processing of request from ('::1', 50096, 0, 0)
Traceback (most recent call last):
  File "D:\Learning_tools\python_new_3.14.5\Lib\socketserver.py", line 697, in process_request_thread
    self.finish_request(request, client_address)
    ~~~~~~~~~~~~~~~~~~~^^^^^^^^^^^^^^^^^^^^^^^^^
  File "D:\Learning_tools\python_new_3.14.5\Lib\http\server.py", line 1422, in finish_request
    self.RequestHandlerClass(request, client_address, self,
    ~~~~~~~~~~~~~~~~~~~~~~~~^^^^^^^^^^^^^^^^^^^^^^^^^^^^^^^
                             directory=args.directory)
                             ^^^^^^^^^^^^^^^^^^^^^^^^^
  File "D:\Learning_tools\python_new_3.14.5\Lib\http\server.py", line 732, in __init__
    super().__init__(*args, **kwargs)
    ~~~~~~~~~~~~~~~~^^^^^^^^^^^^^^^^^
  File "D:\Learning_tools\python_new_3.14.5\Lib\socketserver.py", line 766, in __init__
    self.handle()
    ~~~~~~~~~~~^^
  File "D:\Learning_tools\python_new_3.14.5\Lib\http\server.py", line 496, in handle
    self.handle_one_request()
    ~~~~~~~~~~~~~~~~~~~~~~~^^
  File "D:\Learning_tools\python_new_3.14.5\Lib\http\server.py", line 484, in handle_one_request
    method()
    ~~~~~~^^
  File "D:\Learning_tools\python_new_3.14.5\Lib\http\server.py", line 739, in do_GET
    self.copyfile(f, self.wfile)
    ~~~~~~~~~~~~~^^^^^^^^^^^^^^^
  File "D:\Learning_tools\python_new_3.14.5\Lib\http\server.py", line 942, in copyfile
    shutil.copyfileobj(source, outputfile)
    ~~~~~~~~~~~~~~~~~~^^^^^^^^^^^^^^^^^^^^
  File "D:\Learning_tools\python_new_3.14.5\Lib\shutil.py", line 257, in copyfileobj
    fdst_write(buf)
    ~~~~~~~~~~^^^^^
  File "D:\Learning_tools\python_new_3.14.5\Lib\socketserver.py", line 845, in write
    self._sock.sendall(b)
    ~~~~~~~~~~~~~~~~~~^^^
ConnectionResetError: [WinError 10054] 远程主机强迫关闭了一个现有的连接。
----------------------------------------
::1 - - [23/Aug/2026 20:34:25] "GET /pages/map.html HTTP/1.1" 304 -
::1 - - [23/Aug/2026 20:34:25] "GET /assets/bg/scene3.mp4 HTTP/1.1" 200 -
::1 - - [23/Aug/2026 20:34:25] "GET /assets/bg/scene3.mp4 HTTP/1.1" 200 -
----------------------------------------
Exception occurred during processing of request from ('::1', 51135, 0, 0)
Traceback (most recent call last):
  File "D:\Learning_tools\python_new_3.14.5\Lib\socketserver.py", line 697, in process_request_thread
    self.finish_request(request, client_address)
    ~~~~~~~~~~~~~~~~~~~^^^^^^^^^^^^^^^^^^^^^^^^^
  File "D:\Learning_tools\python_new_3.14.5\Lib\http\server.py", line 1422, in finish_request
    self.RequestHandlerClass(request, client_address, self,
    ~~~~~~~~~~~~~~~~~~~~~~~~^^^^^^^^^^^^^^^^^^^^^^^^^^^^^^^
                             directory=args.directory)
                             ^^^^^^^^^^^^^^^^^^^^^^^^^
  File "D:\Learning_tools\python_new_3.14.5\Lib\http\server.py", line 732, in __init__
    super().__init__(*args, **kwargs)
    ~~~~~~~~~~~~~~~~^^^^^^^^^^^^^^^^^
  File "D:\Learning_tools\python_new_3.14.5\Lib\socketserver.py", line 766, in __init__
    self.handle()
    ~~~~~~~~~~~^^
  File "D:\Learning_tools\python_new_3.14.5\Lib\http\server.py", line 496, in handle
    self.handle_one_request()
    ~~~~~~~~~~~~~~~~~~~~~~~^^
  File "D:\Learning_tools\python_new_3.14.5\Lib\http\server.py", line 484, in handle_one_request
    method()
    ~~~~~~^^
  File "D:\Learning_tools\python_new_3.14.5\Lib\http\server.py", line 739, in do_GET
    self.copyfile(f, self.wfile)
    ~~~~~~~~~~~~~^^^^^^^^^^^^^^^
  File "D:\Learning_tools\python_new_3.14.5\Lib\http\server.py", line 942, in copyfile
    shutil.copyfileobj(source, outputfile)
    ~~~~~~~~~~~~~~~~~~^^^^^^^^^^^^^^^^^^^^
  File "D:\Learning_tools\python_new_3.14.5\Lib\shutil.py", line 257, in copyfileobj
    fdst_write(buf)
    ~~~~~~~~~~^^^^^
  File "D:\Learning_tools\python_new_3.14.5\Lib\socketserver.py", line 845, in write
    self._sock.sendall(b)
    ~~~~~~~~~~~~~~~~~~^^^
ConnectionResetError: [WinError 10054] 远程主机强迫关闭了一个现有的连接。
----------------------------------------
::1 - - [23/Aug/2026 20:34:54] "GET /pages/map.html HTTP/1.1" 200 -
::1 - - [23/Aug/2026 20:34:54] "GET /css/tokens.css?v=20260823d HTTP/1.1" 200 -
::1 - - [23/Aug/2026 20:34:54] "GET /css/shell.css?v=20260824a HTTP/1.1" 200 -
::1 - - [23/Aug/2026 20:34:54] "GET /css/components.css?v=20260824a HTTP/1.1" 200 -
::1 - - [23/Aug/2026 20:34:54] "GET /css/legacy-views.css?v=20260824a HTTP/1.1" 200 -
::1 - - [23/Aug/2026 20:34:54] "GET /js/api.js?v=20260823c HTTP/1.1" 200 -
::1 - - [23/Aug/2026 20:34:54] "GET /js/cinema-bg.js?v=20260823c HTTP/1.1" 200 -
::1 - - [23/Aug/2026 20:34:54] "GET /js/runtime-core.js?v=20260823c HTTP/1.1" 200 -
::1 - - [23/Aug/2026 20:34:54] "GET /js/cinema-music.js?v=20260823c HTTP/1.1" 200 -
::1 - - [23/Aug/2026 20:34:54] "GET /js/shell.js?v=20260823c HTTP/1.1" 200 -
::1 - - [23/Aug/2026 20:34:54] "GET /js/pages/map.js?v=20260823c HTTP/1.1" 200 -
::1 - - [23/Aug/2026 20:34:59] "GET /assets/brand/logo.png HTTP/1.1" 200 -
::1 - - [23/Aug/2026 20:34:59] "GET /assets/bg/scene3.mp4 HTTP/1.1" 200 -
::1 - - [23/Aug/2026 20:34:59] "GET /assets/china-geo.json HTTP/1.1" 200 -
::1 - - [23/Aug/2026 20:35:06] "GET /pages/map.html HTTP/1.1" 304 -
::1 - - [23/Aug/2026 20:35:07] "GET /assets/bg/scene3.mp4 HTTP/1.1" 200 -
::1 - - [23/Aug/2026 20:35:07] "GET /assets/bg/scene3.mp4 HTTP/1.1" 200 -
::1 - - [23/Aug/2026 20:42:54] "GET /pages/map.html HTTP/1.1" 200 -
::1 - - [23/Aug/2026 20:42:54] "GET /css/shell.css?v=20260824a HTTP/1.1" 200 -
::1 - - [23/Aug/2026 20:42:54] "GET /css/legacy-views.css?v=20260824a HTTP/1.1" 200 -
::1 - - [23/Aug/2026 20:42:54] "GET /css/components.css?v=20260824a HTTP/1.1" 200 -
::1 - - [23/Aug/2026 20:42:54] "GET /js/pages/map.js?v=20260823c HTTP/1.1" 200 -
::1 - - [23/Aug/2026 20:42:55] code 404, message File not found
::1 - - [23/Aug/2026 20:42:55] "GET /hybridaction/zybTrackerStatisticsAction?data=%7B%7D&__callback__=__cb__zybTrackerStatisticsAction__4d27773a_3d1c_4898_8ecd_d712c5a57d71__0 HTTP/1.1" 404 -
::1 - - [23/Aug/2026 20:42:56] code 404, message File not found
::1 - - [23/Aug/2026 20:42:56] "GET /hybridaction/zybTrackerStatisticsAction?data=%7B%7D&__callback__=__cb__zybTrackerStatisticsAction__ab8ed61a_84b3_46c0_924e_720ad35a6ae6__1 HTTP/1.1" 404 -
